$date
	Sun Aug 09 11:52:52 2026
$end
$version
	Icarus Verilog
$end
$timescale
	1ps
$end
$scope module tb_FIFO_Ultimate $end
$var wire 1 ! w_full $end
$var wire 1 " r_empty $end
$var wire 16 # r_data [15:0] $end
$var reg 1 $ r_clk $end
$var reg 1 % r_inc $end
$var reg 1 & r_rst_n $end
$var reg 1 ' w_clk $end
$var reg 16 ( w_data [15:0] $end
$var reg 1 ) w_inc $end
$var reg 1 * w_rst_n $end
$var integer 32 + i [31:0] $end
$var integer 32 , seed [31:0] $end
$scope module dut $end
$var wire 1 $ r_clk $end
$var wire 1 % r_inc $end
$var wire 1 & r_rst_n $end
$var wire 1 ' w_clk $end
$var wire 16 - w_data [15:0] $end
$var wire 1 ) w_inc $end
$var wire 1 * w_rst_n $end
$var wire 9 . w_q2_rptr [8:0] $end
$var wire 9 / w_ptr [8:0] $end
$var wire 1 ! w_full $end
$var wire 8 0 w_addr [7:0] $end
$var wire 9 1 r_q2_wptr [8:0] $end
$var wire 9 2 r_ptr [8:0] $end
$var wire 1 " r_empty $end
$var wire 16 3 r_data [15:0] $end
$var wire 8 4 r_addr [7:0] $end
$scope module fifo_mem $end
$var wire 16 5 r_data [15:0] $end
$var wire 1 ' w_clk $end
$var wire 1 ) w_clk_en $end
$var wire 16 6 w_data [15:0] $end
$var wire 1 ! w_full $end
$var wire 8 7 w_addr [7:0] $end
$var wire 8 8 r_addr [7:0] $end
$upscope $end
$scope module rptr_empty $end
$var wire 1 $ r_clk $end
$var wire 9 9 r_gray_next [8:0] $end
$var wire 1 % r_inc $end
$var wire 1 & r_rst_n $end
$var wire 9 : r_q2_wptr [8:0] $end
$var wire 1 ; r_empty_val $end
$var wire 9 < r_bin_next [8:0] $end
$var wire 8 = r_addr [7:0] $end
$var reg 9 > r_bin [8:0] $end
$var reg 1 " r_empty $end
$var reg 9 ? r_ptr [8:0] $end
$upscope $end
$scope module sync_r2w $end
$var wire 1 ' clk $end
$var wire 9 @ data_in [8:0] $end
$var wire 1 * rst_n $end
$var reg 9 A q1 [8:0] $end
$var reg 9 B q2 [8:0] $end
$upscope $end
$scope module sync_w2r $end
$var wire 1 $ clk $end
$var wire 1 & rst_n $end
$var wire 9 C data_in [8:0] $end
$var reg 9 D q1 [8:0] $end
$var reg 9 E q2 [8:0] $end
$upscope $end
$scope module wptr_full $end
$var wire 1 ' w_clk $end
$var wire 9 F w_gray_next [8:0] $end
$var wire 1 ) w_inc $end
$var wire 9 G w_q2_rptr [8:0] $end
$var wire 1 * w_rst_n $end
$var wire 1 H w_full_val $end
$var wire 9 I w_bin_next [8:0] $end
$var wire 8 J w_addr [7:0] $end
$var reg 9 K w_bin [8:0] $end
$var reg 1 ! w_full $end
$var reg 9 L w_ptr [8:0] $end
$upscope $end
$upscope $end
$upscope $end
$enddefinitions $end
#0
$dumpvars
bx L
bx K
bx J
bx I
xH
bx G
bx F
bx E
bx D
bx C
bx B
bx A
bx @
bx ?
bx >
bx =
bx <
x;
bx :
bx 9
bx 8
bx 7
b0 6
bx 5
bx 4
bx 3
bx 2
bx 1
bx 0
bx /
bx .
b0 -
b101010 ,
bx +
1*
0)
b0 (
0'
1&
0%
0$
bx #
x"
x!
$end
#5000
1'
#10000
0'
#13500
1$
#15000
1'
#20000
0'
#25000
1'
#27000
0$
#30000
0'
#35000
1'
#40000
1;
0H
b0 4
b0 8
b0 =
b0 9
b0 0
b0 7
b0 J
b0 F
1"
b0 <
b0 >
b0 2
b0 ?
b0 @
b0 1
b0 :
b0 E
b0 D
b0 .
b0 B
b0 G
b0 A
b0 I
b0 K
b0 /
b0 C
b0 L
0!
0'
0&
0*
#40500
1$
#45000
1'
#50000
0'
#54000
0$
#55000
1'
#60000
0'
#65000
1'
#67500
1$
#70000
0'
#75000
1'
#80000
0'
1&
1*
#81000
0$
#85000
1'
#90000
0'
#94500
1$
#95000
1'
#100000
b0 +
0'
#105000
1'
#108000
0$
#110000
b1 F
b1 I
b1 +
1)
b100010000000000 (
b100010000000000 -
b100010000000000 6
b1011000100001110100011 ,
0'
#115000
b1 0
b1 7
b1 J
b11 F
b100010000000000 #
b100010000000000 3
b100010000000000 5
b10 I
b1 K
b1 /
b1 C
b1 L
1'
#120000
b10 +
b111001101001101 (
b111001101001101 -
b111001101001101 6
b10100110100001000111000010001000 ,
0'
#121500
b1 D
1$
#125000
b10 0
b10 7
b10 J
b10 F
b11 I
b10 K
b11 /
b11 C
b11 L
1'
#130000
b11 +
b11100000100 (
b11100000100 -
b11100000100 6
b10000010010011010000010011101001 ,
0'
#135000
b11 0
b11 7
b11 J
b110 F
b100 I
b11 K
b10 /
b10 C
b10 L
1'
0$
#140000
b100 +
b1100010010001011 (
b1100010010001011 -
b1100010010001011 6
b1000101110101011100001110010110 ,
0'
#145000
b100 0
b100 7
b100 J
b111 F
b101 I
b100 K
b110 /
b110 C
b110 L
1'
#148500
0;
b1 1
b1 :
b1 E
b110 D
1$
#150000
b101 +
b11111100010101 (
b11111100010101 -
b11111100010101 6
b10001010101100100011110100011111 ,
0'
#155000
b101 0
b101 7
b101 J
b101 F
b110 I
b101 K
b111 /
b111 C
b111 L
1'
#160000
b110 +
b1000011010110101 (
b1000011010110101 -
b1000011010110101 6
b1011010111101001000010011010100 ,
0'
#162000
0$
#165000
b110 0
b110 7
b110 J
b100 F
b111 I
b110 K
b101 /
b101 C
b101 L
1'
#170000
b111 +
b10001110001010 (
b10001110001010 -
b10001110001010 6
b11000101011000010010000111000101 ,
0'
#175000
b111 0
b111 7
b111 J
b1100 F
b1000 I
b111 K
b100 /
b100 C
b100 L
1'
#175500
0"
b110 1
b110 :
b110 E
b100 D
1$
#180000
b1000 +
b110000111110 (
b110000111110 -
b110000111110 6
b11111010001000000101111000010 ,
0'
#185000
b1000 0
b1000 7
b1000 J
b1101 F
b1001 I
b1000 K
b1100 /
b1100 C
b1100 L
1'
#189000
0$
#190000
b1001 +
b100011100010011 (
b100011100010011 -
b100011100010011 6
b10001001110110000100010001011011 ,
0'
#195000
b1001 0
b1001 7
b1001 J
b1111 F
b1010 I
b1001 K
b1101 /
b1101 C
b1101 L
1'
#200000
b1010 +
b101110101000100 (
b101110101000100 -
b101110101000100 6
b10100010000000100101101111100000 ,
0'
#202500
b100 1
b100 :
b100 E
b1101 D
1$
#205000
b1010 0
b1010 7
b1010 J
b1110 F
b1011 I
b1010 K
b1111 /
b1111 C
b1111 L
1'
#210000
b1011 +
b1111010001101100 (
b1111010001101100 -
b1111010001101100 6
b110110011011011111001001100001 ,
0'
#215000
b1011 0
b1011 7
b1011 J
b1010 F
b1100 I
b1011 K
b1110 /
b1110 C
b1110 L
1'
#216000
0$
#220000
b1100 +
b11000111011 (
b11000111011 -
b11000111011 6
b11101101110110000010010101110 ,
0'
#225000
b1100 0
b1100 7
b1100 J
b1011 F
b1101 I
b1100 K
b1010 /
b1010 C
b1010 L
1'
#229500
b1101 1
b1101 :
b1101 E
b1010 D
1$
#230000
b1101 +
b1001011010100101 (
b1001011010100101 -
b1001011010100101 6
b1010010101011011001010101010111 ,
0'
#235000
b1101 0
b1101 7
b1101 J
b1001 F
b1110 I
b1101 K
b1011 /
b1011 C
b1011 L
1'
#240000
b1110 +
b1100110101 (
b1100110101 -
b1100110101 6
b10011010111011010000000110101100 ,
0'
#243000
0$
#245000
b1110 0
b1110 7
b1110 J
b1000 F
b1111 I
b1110 K
b1001 /
b1001 C
b1001 L
1'
#250000
b1111 +
b1010000110101 (
b1010000110101 -
b1010000110101 6
b11010100011000001001010111101 ,
0'
#255000
b1111 0
b1111 7
b1111 J
b11000 F
b10000 I
b1111 K
b1000 /
b1000 C
b1000 L
1'
#256500
b1010 1
b1010 :
b1010 E
b1000 D
1$
#260000
b10000 +
b1001110011100011 (
b1001110011100011 -
b1001110011100011 6
b1110001110110111001101001011010 ,
0'
#265000
b10000 0
b10000 7
b10000 J
b11001 F
b10001 I
b10000 K
b11000 /
b11000 C
b11000 L
1'
#270000
b10001 +
b10111111011100 (
b10111111011100 -
b10111111011100 6
b11101110000010110010110000010011 ,
0'
0$
#275000
b10001 0
b10001 7
b10001 J
b11011 F
b10010 I
b10001 K
b11001 /
b11001 C
b11001 L
1'
#280000
b10010 +
b100010010111000 (
b100010010111000 -
b100010010111000 6
b1011100010000100100001000111000 ,
0'
#283500
b1000 1
b1000 :
b1000 E
b11001 D
1$
#285000
b10010 0
b10010 7
b10010 J
b11010 F
b10011 I
b10010 K
b11011 /
b11011 C
b11011 L
1'
#290000
b10011 +
b1110000100000001 (
b1110000100000001 -
b1110000100000001 6
b10000000101000111101111011011001 ,
0'
#295000
b10011 0
b10011 7
b10011 J
b11110 F
b10100 I
b10011 K
b11010 /
b11010 C
b11010 L
1'
#297000
0$
#300000
b10100 +
b111101001101000 (
b111101001101000 -
b111101001101000 6
b110100011000110111100011000110 ,
0'
#305000
b10100 0
b10100 7
b10100 J
b11111 F
b10101 I
b10100 K
b11110 /
b11110 C
b11110 L
1'
#310000
b10101 +
b1100011011110011 (
b1100011011110011 -
b1100011011110011 6
b1111001100011111100010010001111 ,
0'
#310500
b11001 1
b11001 :
b11001 E
b11110 D
1$
#315000
b10101 0
b10101 7
b10101 J
b11101 F
b10110 I
b10101 K
b11111 /
b11111 C
b11111 L
1'
#320000
b10110 +
b1010101011010011 (
b1010101011010011 -
b1010101011010011 6
b1101001101010101010100110000100 ,
0'
#324000
0$
#325000
b10110 0
b10110 7
b10110 J
b11100 F
b10111 I
b10110 K
b11101 /
b11101 C
b11101 L
1'
#330000
b10111 +
b111010111100011 (
b111010111100011 -
b111010111100011 6
b11110001110010010111001010110101 ,
0'
#335000
b10111 0
b10111 7
b10111 J
b10100 F
b11000 I
b10111 K
b11100 /
b11100 C
b11100 L
1'
#337500
b11110 1
b11110 :
b11110 E
b11100 D
1$
#340000
b11000 +
b110010010111 (
b110010010111 -
b110010010111 6
b1001011110110010000101111110010 ,
0'
#345000
b11000 0
b11000 7
b11000 J
b10101 F
b11001 I
b11000 K
b10100 /
b10100 C
b10100 L
1'
#350000
b11001 +
b1101110110011100 (
b1101110110011100 -
b1101110110011100 6
b11001110010110111101101011001011 ,
0'
#351000
0$
#355000
b11001 0
b11001 7
b11001 J
b10111 F
b11010 I
b11001 K
b10101 /
b10101 C
b10101 L
1'
#360000
b11010 +
b1000010110001000 (
b1000010110001000 -
b1000010110001000 6
b11000100011101011000001110010000 ,
0'
#364500
b11100 1
b11100 :
b11100 E
b10101 D
1$
#365000
b11010 0
b11010 7
b11010 J
b10110 F
b11011 I
b11010 K
b10111 /
b10111 C
b10111 L
1'
#370000
b11011 +
b1010110110011010 (
b1010110110011010 -
b1010110110011010 6
b11001101010110001010101001010001 ,
0'
#375000
b11011 0
b11011 7
b11011 J
b10010 F
b11100 I
b11011 K
b10110 /
b10110 C
b10110 L
1'
#378000
0$
#380000
b11100 +
b1000000100110101 (
b1000000100110101 -
b1000000100110101 6
b10011010111101110111111111011110 ,
0'
#385000
b11100 0
b11100 7
b11100 J
b10011 F
b11101 I
b11100 K
b10010 /
b10010 C
b10010 L
1'
#390000
b11101 +
b1010110001010011 (
b1010110001010011 -
b1010110001010011 6
b101001100011011010101011000111 ,
0'
#391500
b10101 1
b10101 :
b10101 E
b10010 D
1$
#395000
b11101 0
b11101 7
b11101 J
b10001 F
b11110 I
b11101 K
b10011 /
b10011 C
b10011 L
1'
#400000
b11110 +
b1101111001000101 (
b1101111001000101 -
b1101111001000101 6
b100010111001001101110001011100 ,
0'
#405000
b11110 0
b11110 7
b11110 J
b10000 F
b11111 I
b11110 K
b10001 /
b10001 C
b10001 L
1'
0$
#410000
b11111 +
b10001011011001 (
b10001011011001 -
b10001011011001 6
b1101100110100010010000110101101 ,
0'
#415000
b11111 0
b11111 7
b11111 J
b110000 F
b100000 I
b11111 K
b10000 /
b10000 C
b10000 L
1'
#418500
b10010 1
b10010 :
b10010 E
b10000 D
1$
#420000
b100000 +
b1100001111000111 (
b1100001111000111 -
b1100001111000111 6
b11100011110110101100000010001010 ,
0'
#425000
b100000 0
b100000 7
b100000 J
b110001 F
b100001 I
b100000 K
b110000 /
b110000 C
b110000 L
1'
#430000
b100001 +
b11001010100100 (
b11001010100100 -
b11001010100100 6
b1010010011111010011000010000011 ,
0'
#432000
0$
#435000
b100001 0
b100001 7
b100001 J
b110011 F
b100010 I
b100001 K
b110001 /
b110001 C
b110001 L
1'
#440000
b100010 +
b1000000100110100 (
b1000000100110100 -
b1000000100110100 6
b10011010001110010111111111101000 ,
0'
#445000
b100010 0
b100010 7
b100010 J
b110010 F
b100011 I
b100010 K
b110011 /
b110011 C
b110011 L
1'
#445500
b10000 1
b10000 :
b10000 E
b110011 D
1$
#450000
b100011 +
b11011111010110 (
b11011111010110 -
b11011111010110 6
b11101011011100100011010011001001 ,
0'
#455000
b100011 0
b100011 7
b100011 J
b110110 F
b100100 I
b100011 K
b110010 /
b110010 C
b110010 L
1'
#459000
0$
#460000
b100100 +
b111101100010111 (
b111101100010111 -
b111101100010111 6
b10001011111010110111100111110110 ,
0'
#465000
b100100 0
b100100 7
b100100 J
b110111 F
b100101 I
b100100 K
b110110 /
b110110 C
b110110 L
1'
#470000
b100101 +
b10100011110101 (
b10100011110101 -
b10100011110101 6
b1111010101110000010011111111111 ,
0'
#472500
b110011 1
b110011 :
b110011 E
b110110 D
1$
#475000
b100101 0
b100101 7
b100101 J
b110101 F
b100110 I
b100101 K
b110111 /
b110111 C
b110111 L
1'
#480000
b100110 +
b1111110110001110 (
b1111110110001110 -
b1111110110001110 6
b11000111011111101111101000110100 ,
0'
#485000
b100110 0
b100110 7
b100110 J
b110100 F
b100111 I
b100110 K
b110101 /
b110101 C
b110101 L
1'
#486000
0$
#490000
b100111 +
b1011011 (
b1011011 -
b1011011 6
b101101100101101111111110100101 ,
0'
#495000
b100111 0
b100111 7
b100111 J
b111100 F
b101000 I
b100111 K
b110100 /
b110100 C
b110100 L
1'
#499500
b110110 1
b110110 :
b110110 E
b110100 D
1$
#500000
b101000 +
b1101001011001 (
b1101001011001 -
b1101001011001 6
b101100100010110001100000100010 ,
0'
#505000
b101000 0
b101000 7
b101000 J
b111101 F
b101001 I
b101000 K
b111100 /
b111100 C
b111100 L
1'
#510000
b101001 +
b111110100111 (
b111110100111 -
b111110100111 6
b11010011101111100000110100111011 ,
0'
#513000
0$
#515000
b101001 0
b101001 7
b101001 J
b111111 F
b101010 I
b101001 K
b111101 /
b111101 C
b111101 L
1'
#520000
b101010 +
b1001100010000110 (
b1001100010000110 -
b1001100010000110 6
b1000011000101111001011101000000 ,
0'
#525000
b101010 0
b101010 7
b101010 J
b111110 F
b101011 I
b101010 K
b111111 /
b111111 C
b111111 L
1'
#526500
b110100 1
b110100 :
b110100 E
b111111 D
1$
#530000
b101011 +
b110000100000111 (
b110000100000111 -
b110000100000111 6
b10000011110100100101111001000001 ,
0'
#535000
b101011 0
b101011 7
b101011 J
b111010 F
b101100 I
b101011 K
b111110 /
b111110 C
b111110 L
1'
#540000
b101100 +
b1100100100111000 (
b1100100100111000 -
b1100100100111000 6
b10011100011111111100011100001110 ,
0'
0$
#545000
b101100 0
b101100 7
b101100 J
b111011 F
b101101 I
b101100 K
b111010 /
b111010 C
b111010 L
1'
#550000
b101101 +
b1111100101100 (
b1111100101100 -
b1111100101100 6
b10010110011111000001110000110111 ,
0'
#553500
b111111 1
b111111 :
b111111 E
b111010 D
1$
#555000
b101101 0
b101101 7
b101101 J
b111001 F
b101110 I
b101101 K
b111011 /
b111011 C
b111011 L
1'
#560000
b101110 +
b110010111010110 (
b110010111010110 -
b110010111010110 6
b11101011000010000110001100001100 ,
0'
#565000
b101110 0
b101110 7
b101110 J
b111000 F
b101111 I
b101110 K
b111001 /
b111001 C
b111001 L
1'
#567000
0$
#570000
b101111 +
b1110111000001011 (
b1110111000001011 -
b1110111000001011 6
b101110010101110110010011101 ,
0'
#575000
b101111 0
b101111 7
b101111 J
b101000 F
b110000 I
b101111 K
b111000 /
b111000 C
b111000 L
1'
#580000
b110000 +
b111010110111100 (
b111010110111100 -
b111010110111100 6
b11011110001000000111001010111010 ,
0'
#580500
b111010 1
b111010 :
b111010 E
b111000 D
1$
#585000
b110000 0
b110000 7
b110000 J
b101001 F
b110001 I
b110000 K
b101000 /
b101000 C
b101000 L
1'
#590000
b110001 +
b101001111110001 (
b101001111110001 -
b101001111110001 6
b11111000100010010101000011110011 ,
0'
#594000
0$
#595000
b110001 0
b110001 7
b110001 J
b101011 F
b110010 I
b110001 K
b101001 /
b101001 C
b101001 L
1'
#600000
b110010 +
b10101010100000 (
b10101010100000 -
b10101010100000 6
b1010000000001010010100110011000 ,
0'
#605000
b110010 0
b110010 7
b110010 J
b101010 F
b110011 I
b110010 K
b101011 /
b101011 C
b101011 L
1'
#607500
b111000 1
b111000 :
b111000 E
b101011 D
1$
#610000
b110011 +
b100100000001 (
b100100000001 -
b100100000001 6
b10000000110101110000011010111001 ,
0'
#615000
b110011 0
b110011 7
b110011 J
b101110 F
b110100 I
b110011 K
b101010 /
b101010 C
b101010 L
1'
#620000
b110100 +
b1100100000111100 (
b1100100000111100 -
b1100100000111100 6
b11110010000001100011100100110 ,
0'
#621000
0$
#625000
b110100 0
b110100 7
b110100 J
b101111 F
b110101 I
b110100 K
b101110 /
b101110 C
b101110 L
1'
#630000
b110101 +
b110100010010110 (
b110100010010110 -
b110100010010110 6
b1001011001000100110011101101111 ,
0'
#634500
b101011 1
b101011 :
b101011 E
b101110 D
1$
#635000
b110101 0
b110101 7
b110101 J
b101101 F
b110110 I
b110101 K
b101111 /
b101111 C
b101111 L
1'
#640000
b110110 +
b111100010100010 (
b111100010100010 -
b111100010100010 6
b1010001001111000111011011100100 ,
0'
#645000
b110110 0
b110110 7
b110110 J
b101100 F
b110111 I
b110110 K
b101101 /
b101101 C
b101101 L
1'
#648000
0$
#650000
b110111 +
b1100101100101100 (
b1100101100101100 -
b1100101100101100 6
b10010110010110001100100010010101 ,
0'
#655000
b110111 0
b110111 7
b110111 J
b100100 F
b111000 I
b110111 K
b101100 /
b101100 C
b101100 L
1'
#660000
b111000 +
b11001101011111 (
b11001101011111 -
b11001101011111 6
b10101111110111010011000001010010 ,
0'
#661500
b101110 1
b101110 :
b101110 E
b101100 D
1$
#665000
b111000 0
b111000 7
b111000 J
b100101 F
b111001 I
b111000 K
b100100 /
b100100 C
b100100 L
1'
#670000
b111001 +
b1101110001111111 (
b1101110001111111 -
b1101110001111111 6
b111111111001011101101110101011 ,
0'
#675000
b111001 0
b111001 7
b111001 J
b100111 F
b111010 I
b111001 K
b100101 /
b100101 C
b100101 L
1'
0$
#680000
b111010 +
b1001100101100101 (
b1001100101100101 -
b1001100101100101 6
b10110010111000111001011011110000 ,
0'
#685000
b111010 0
b111010 7
b111010 J
b100110 F
b111011 I
b111010 K
b100111 /
b100111 C
b100111 L
1'
#688500
b101100 1
b101100 :
b101100 E
b100111 D
1$
#690000
b111011 +
b1000011001011 (
b1000011001011 -
b1000011001011 6
b1100101110110100000111000110001 ,
0'
#695000
b111011 0
b111011 7
b111011 J
b100010 F
b111100 I
b111011 K
b100110 /
b100110 C
b100110 L
1'
#700000
b111100 +
b1101110101100001 (
b1101110101100001 -
b1101110101100001 6
b10110000100001101101101000111110 ,
0'
#702000
0$
#705000
b111100 0
b111100 7
b111100 J
b100011 F
b111101 I
b111100 K
b100010 /
b100010 C
b100010 L
1'
#710000
b111101 +
b1110101000011110 (
b1110101000011110 -
b1110101000011110 6
b1111010011111110100110100111 ,
0'
#715000
b111101 0
b111101 7
b111101 J
b100001 F
b111110 I
b111101 K
b100011 /
b100011 C
b100011 L
1'
#715500
b100111 1
b100111 :
b100111 E
b100011 D
1$
#720000
b111110 +
b1001011001110111 (
b1001011001110111 -
b1001011001110111 6
b111011100000101001010110111100 ,
0'
#725000
b111110 0
b111110 7
b111110 J
b100000 F
b111111 I
b111110 K
b100001 /
b100001 C
b100001 L
1'
#729000
0$
#730000
b111111 +
b111010110111101 (
b111010110111101 -
b111010110111101 6
b11011110111010000111001110001101 ,
0'
#735000
b111111 0
b111111 7
b111111 J
b1100000 F
b1000000 I
b111111 K
b100000 /
b100000 C
b100000 L
1'
#740000
b1000000 +
b1011001110000011 (
b1011001110000011 -
b1011001110000011 6
b11000001100011111011000011101010 ,
0'
#742500
b100011 1
b100011 :
b100011 E
b100000 D
1$
#745000
b1000000 0
b1000000 7
b1000000 J
b1100001 F
b1000001 I
b1000000 K
b1100000 /
b1100000 C
b1100000 L
1'
#750000
b1000001 +
b1000111111111001 (
b1000111111111001 -
b1000111111111001 6
b11111100111101101000110101100011 ,
0'
#755000
b1000001 0
b1000001 7
b1000001 J
b1100011 F
b1000010 I
b1000001 K
b1100001 /
b1100001 C
b1100001 L
1'
#756000
0$
#760000
b1000010 +
b100000101001000 (
b100000101001000 -
b100000101001000 6
b10100100000000000011111101001000 ,
0'
#765000
b1000010 0
b1000010 7
b1000010 J
b1100010 F
b1000011 I
b1000010 K
b1100011 /
b1100011 C
b1100011 L
1'
#769500
b100000 1
b100000 :
b100000 E
b1100011 D
1$
#770000
b1000011 +
b101011100101101 (
b101011100101101 -
b101011100101101 6
b10010110101100010101010010101001 ,
0'
#775000
b1000011 0
b1000011 7
b1000011 J
b1100110 F
b1000100 I
b1000011 K
b1100010 /
b1100010 C
b1100010 L
1'
#780000
b1000100 +
b110001000000011 (
b110001000000011 -
b110001000000011 6
b1111101100110000001010110 ,
0'
#783000
0$
#785000
b1000100 0
b1000100 7
b1000100 J
b1100111 F
b1000101 I
b1000100 K
b1100110 /
b1100110 C
b1100110 L
1'
#790000
b1000101 +
b1000010011101011 (
b1000010011101011 -
b1000010011101011 6
b1110101100001011000001011011111 ,
0'
#795000
b1000101 0
b1000101 7
b1000101 J
b1100101 F
b1000110 I
b1000101 K
b1100111 /
b1100111 C
b1100111 L
1'
#796500
b1100011 1
b1100011 :
b1100011 E
b1100111 D
1$
#800000
b1000110 +
b10000011001100 (
b10000011001100 -
b10000011001100 6
b1100110011011100001111110010100 ,
0'
#805000
b1000110 0
b1000110 7
b1000110 J
b1100100 F
b1000111 I
b1000110 K
b1100101 /
b1100101 C
b1100101 L
1'
#810000
b1000111 +
b1100111101111010 (
b1100111101111010 -
b1100111101111010 6
b10111101010111011100110110000101 ,
0'
0$
#815000
b1000111 0
b1000111 7
b1000111 J
b1101100 F
b1001000 I
b1000111 K
b1100100 /
b1100100 C
b1100100 L
1'
#820000
b1001000 +
b101011001101010 (
b101011001101010 -
b101011001101010 6
b110101000100100101010010000010 ,
0'
#823500
b1100111 1
b1100111 :
b1100111 E
b1100100 D
1$
#825000
b1001000 0
b1001000 7
b1001000 J
b1101101 F
b1001001 I
b1001000 K
b1101100 /
b1101100 C
b1101100 L
1'
#830000
b1001001 +
b100100110000100 (
b100100110000100 -
b100100110000100 6
b11000010011110100100011000011011 ,
0'
#835000
b1001001 0
b1001001 7
b1001001 J
b1101111 F
b1001010 I
b1001001 K
b1101101 /
b1101101 C
b1101101 L
1'
#837000
0$
#840000
b1001010 +
b1000010001101111 (
b1000010001101111 -
b1000010001101111 6
b110111100101001000001010100000 ,
0'
#845000
b1001010 0
b1001010 7
b1001010 J
b1101110 F
b1001011 I
b1001010 K
b1101111 /
b1101111 C
b1101111 L
1'
#850000
b1001011 +
b1011110100011110 (
b1011110100011110 -
b1011110100011110 6
b10001111001011101011101000100001 ,
0'
#850500
b1100100 1
b1100100 :
b1100100 E
b1101111 D
1$
#855000
b1001011 0
b1001011 7
b1001011 J
b1101010 F
b1001100 I
b1001011 K
b1101110 /
b1101110 C
b1101110 L
1'
#860000
b1001100 +
b1011101110000011 (
b1011101110000011 -
b1011101110000011 6
b11000001111111111011100101101110 ,
0'
#864000
0$
#865000
b1001100 0
b1001100 7
b1001100 J
b1101011 F
b1001101 I
b1001100 K
b1101010 /
b1101010 C
b1101010 L
1'
#870000
b1001101 +
b1010000011111 (
b1010000011111 -
b1010000011111 6
b1111101000000001001100010111 ,
0'
#875000
b1001101 0
b1001101 7
b1001101 J
b1101001 F
b1001110 I
b1001101 K
b1101011 /
b1101011 C
b1101011 L
1'
#877500
b1101111 1
b1101111 :
b1101111 E
b1101011 D
1$
#880000
b1001110 +
b111011101101110 (
b111011101101110 -
b111011101101110 6
b10110111001111100111010001101100 ,
0'
#885000
b1001110 0
b1001110 7
b1001110 J
b1101000 F
b1001111 I
b1001110 K
b1101001 /
b1101001 C
b1101001 L
1'
#890000
b1001111 +
b1011100010111010 (
b1011100010111010 -
b1011100010111010 6
b1011101010110001011011001111101 ,
0'
#891000
0$
#895000
b1001111 0
b1001111 7
b1001111 J
b1111000 F
b1010000 I
b1001111 K
b1101000 /
b1101000 C
b1101000 L
1'
#900000
b1010000 +
b111110111101111 (
b111110111101111 -
b111110111101111 6
b11110111110010110111101100011010 ,
0'
#904500
b1101011 1
b1101011 :
b1101011 E
b1101000 D
1$
#905000
b1010000 0
b1010000 7
b1010000 J
b1111001 F
b1010001 I
b1010000 K
b1111000 /
b1111000 C
b1111000 L
1'
#910000
b1010001 +
b1110011001111100 (
b1110011001111100 -
b1110011001111100 6
b111110010010111110010111010011 ,
0'
#915000
b1010001 0
b1010001 7
b1010001 J
b1111011 F
b1010010 I
b1010001 K
b1111001 /
b1111001 C
b1111001 L
1'
#918000
0$
#920000
b1010010 +
b1100001101000110 (
b1100001101000110 -
b1100001101000110 6
b10100011010001011100000011111000 ,
0'
#925000
b1010010 0
b1010010 7
b1010010 J
b1111010 F
b1010011 I
b1010010 K
b1111011 /
b1111011 C
b1111011 L
1'
#930000
b1010011 +
b10000000010101 (
b10000000010101 -
b10000000010101 6
b1010101000000001111010011001 ,
0'
#931500
b1101000 1
b1101000 :
b1101000 E
b1111011 D
1$
#935000
b1010011 0
b1010011 7
b1010011 J
b1111110 F
b1010100 I
b1010011 K
b1111010 /
b1111010 C
b1111010 L
1'
#940000
b1010100 +
b100011110000100 (
b100011110000100 -
b100011110000100 6
b11000010010111110100010110000110 ,
0'
#945000
b1010100 0
b1010100 7
b1010100 J
b1111111 F
b1010101 I
b1010100 K
b1111110 /
b1111110 C
b1111110 L
1'
0$
#950000
b1010101 +
b111110110000100 (
b111110110000100 -
b111110110000100 6
b11000010010110000111101001001111 ,
0'
#955000
b1010101 0
b1010101 7
b1010101 J
b1111101 F
b1010110 I
b1010101 K
b1111111 /
b1111111 C
b1111111 L
1'
#958500
b1111011 1
b1111011 :
b1111011 E
b1111111 D
1$
#960000
b1010110 +
b1111011100110010 (
b1111011100110010 -
b1111011100110010 6
b10011001010111101111010001000100 ,
0'
#965000
b1010110 0
b1010110 7
b1010110 J
b1111100 F
b1010111 I
b1010110 K
b1111101 /
b1111101 C
b1111101 L
1'
#970000
b1010111 +
b1000100101111 (
b1000100101111 -
b1000100101111 6
b10010111101101010000111001110101 ,
0'
#972000
0$
#975000
b1010111 0
b1010111 7
b1010111 J
b1110100 F
b1011000 I
b1010111 K
b1111100 /
b1111100 C
b1111100 L
1'
#980000
b1011000 +
b1000011101111000 (
b1000011101111000 -
b1000011101111000 6
b10111100001011011000010010110010 ,
0'
#985000
b1011000 0
b1011000 7
b1011000 J
b1110101 F
b1011001 I
b1011000 K
b1110100 /
b1110100 C
b1110100 L
1'
#985500
b1111111 1
b1111111 :
b1111111 E
b1110100 D
1$
#990000
b1011001 +
b100111100001001 (
b100111100001001 -
b100111100001001 6
b10000100111000100100110010001011 ,
0'
#995000
b1011001 0
b1011001 7
b1011001 J
b1110111 F
b1011010 I
b1011001 K
b1110101 /
b1110101 C
b1110101 L
1'
#999000
0$
#1000000
b1011010 +
b101110001100111 (
b101110001100111 -
b101110001100111 6
b110011101001010101101001010000 ,
0'
#1005000
b1011010 0
b1011010 7
b1011010 J
b1110110 F
b1011011 I
b1011010 K
b1110111 /
b1110111 C
b1110111 L
1'
#1010000
b1011011 +
b110010000110110 (
b110010000110110 -
b110010000110110 6
b11011010011110110001000010001 ,
0'
#1012500
b1110100 1
b1110100 :
b1110100 E
b1110111 D
1$
#1015000
b1011011 0
b1011011 7
b1011011 J
b1110010 F
b1011100 I
b1011011 K
b1110110 /
b1110110 C
b1110110 L
1'
#1020000
b1011100 +
b110011010010001 (
b110011010010001 -
b110011010010001 6
b1001000100111010110010010011110 ,
0'
#1025000
b1011100 0
b1011100 7
b1011100 J
b1110011 F
b1011101 I
b1011100 K
b1110010 /
b1110010 C
b1110010 L
1'
#1026000
0$
#1030000
b1011101 +
b1001101100010001 (
b1001101100010001 -
b1001101100010001 6
b10001000110000111001100010000111 ,
0'
#1035000
b1011101 0
b1011101 7
b1011101 J
b1110001 F
b1011110 I
b1011101 K
b1110011 /
b1110011 C
b1110011 L
1'
#1039500
b1110111 1
b1110111 :
b1110111 E
b1110011 D
1$
#1040000
b1011110 +
b10111 (
b10111 -
b10111 6
b1011111001101111111100011100 ,
0'
#1045000
b1011110 0
b1011110 7
b1011110 J
b1110000 F
b1011111 I
b1011110 K
b1110001 /
b1110001 C
b1110001 L
1'
#1050000
b1011111 +
b1011011010000100 (
b1011011010000100 -
b1011011010000100 6
b1000010000010101011010101101101 ,
0'
#1053000
0$
#1055000
b1011111 0
b1011111 7
b1011111 J
b1010000 F
b1100000 I
b1011111 K
b1110000 /
b1110000 C
b1110000 L
1'
#1060000
b1100000 +
b1101001001000110 (
b1101001001000110 -
b1101001001000110 6
b100011001101101101000101001010 ,
0'
#1065000
b1100000 0
b1100000 7
b1100000 J
b1010001 F
b1100001 I
b1100000 K
b1010000 /
b1010000 C
b1010000 L
1'
#1066500
b1110011 1
b1110011 :
b1110011 E
b1010000 D
1$
#1070000
b1100001 +
b101110110011001 (
b101110110011001 -
b101110110011001 6
b11001100110100000101101001000011 ,
0'
#1075000
b1100001 0
b1100001 7
b1100001 J
b1010011 F
b1100010 I
b1100001 K
b1010001 /
b1010001 C
b1010001 L
1'
#1080000
b1100010 +
b1011000111100011 (
b1011000111100011 -
b1011000111100011 6
b11110001101100001010111010101000 ,
0'
0$
#1085000
b1100010 0
b1100010 7
b1100010 J
b1010010 F
b1100011 I
b1100010 K
b1010011 /
b1010011 C
b1010011 L
1'
#1090000
b1100011 +
b110011001100100 (
b110011001100100 -
b110011001100100 6
b110010000000100110010010001001 ,
0'
#1093500
b1010000 1
b1010000 :
b1010000 E
b1010011 D
1$
#1095000
b1100011 0
b1100011 7
b1100011 J
b1010110 F
b1100100 I
b1100011 K
b1010010 /
b1010010 C
b1010010 L
1'
#1100000
b1100100 +
b111100100011111 (
b111100100011111 -
b111100100011111 6
b10001111100011100111011010110110 ,
0'
#1105000
b1100100 0
b1100100 7
b1100100 J
b1010111 F
b1100101 I
b1100100 K
b1010110 /
b1010110 C
b1010110 L
1'
#1107000
0$
#1110000
b1100101 +
b100111101001111 (
b100111101001111 -
b100111101001111 6
b10100111110100100100110110111111 ,
0'
#1115000
b1100101 0
b1100101 7
b1100101 J
b1010101 F
b1100110 I
b1100101 K
b1010111 /
b1010111 C
b1010111 L
1'
#1120000
b1100110 +
b1111011010111110 (
b1111011010111110 -
b1111011010111110 6
b1011111000110011111010011110100 ,
0'
#1120500
b1010011 1
b1010011 :
b1010011 E
b1010111 D
1$
#1125000
b1100110 0
b1100110 7
b1100110 J
b1010100 F
b1100111 I
b1100110 K
b1010101 /
b1010101 C
b1010101 L
1'
#1130000
b1100111 +
b1000110011011100 (
b1000110011011100 -
b1000110011011100 6
b1101110001011011000101101100101 ,
0'
#1134000
0$
#1135000
b1100111 0
b1100111 7
b1100111 J
b1011100 F
b1101000 I
b1100111 K
b1010100 /
b1010100 C
b1010100 L
1'
#1140000
b1101000 +
b1100001000101011 (
b1100001000101011 -
b1100001000101011 6
b10101111100011100000011100010 ,
0'
#1145000
b1101000 0
b1101000 7
b1101000 J
b1011101 F
b1101001 I
b1101000 K
b1011100 /
b1011100 C
b1011100 L
1'
#1147500
b1010111 1
b1010111 :
b1010111 E
b1011100 D
1$
#1150000
b1101001 +
b1111000100110100 (
b1111000100110100 -
b1111000100110100 6
b10011010010001001110111011111011 ,
0'
#1155000
b1101001 0
b1101001 7
b1101001 J
b1011111 F
b1101010 I
b1101001 K
b1011101 /
b1011101 C
b1011101 L
1'
#1160000
b1101010 +
b10000111110000 (
b10000111110000 -
b10000111110000 6
b11111000010100010001111000000000 ,
0'
#1161000
0$
#1165000
b1101010 0
b1101010 7
b1101010 J
b1011110 F
b1101011 I
b1101010 K
b1011111 /
b1011111 C
b1011111 L
1'
#1170000
b1101011 +
b100000101010 (
b100000101010 -
b100000101010 6
b10101011110110000011000000001 ,
0'
#1174500
b1011100 1
b1011100 :
b1011100 E
b1011111 D
1$
#1175000
b1101011 0
b1101011 7
b1101011 J
b1011010 F
b1101100 I
b1101011 K
b1011110 /
b1011110 C
b1011110 L
1'
#1180000
b1101100 +
b1101110011110001 (
b1101110011110001 -
b1101110011110001 6
b1111000110100101101101111001110 ,
0'
#1185000
b1101100 0
b1101100 7
b1101100 J
b1011011 F
b1101101 I
b1101100 K
b1011010 /
b1011010 C
b1011010 L
1'
#1188000
0$
#1190000
b1101101 +
b111101010100011 (
b111101010100011 -
b111101010100011 6
b1010001110100010111100111110111 ,
0'
#1195000
b1101101 0
b1101101 7
b1101101 J
b1011001 F
b1101110 I
b1101101 K
b1011011 /
b1011011 C
b1011011 L
1'
#1200000
b1101110 +
b11011101000011 (
b11011101000011 -
b11011101000011 6
b10100001111001110011010111001100 ,
0'
#1201500
b1011111 1
b1011111 :
b1011111 E
b1011011 D
1$
#1205000
b1101110 0
b1101110 7
b1101110 J
b1011000 F
b1101111 I
b1101110 K
b1011001 /
b1011001 C
b1011001 L
1'
#1210000
b1101111 +
b111001100110011 (
b111001100110011 -
b111001100110011 6
b10011001101011010111000001011101 ,
0'
#1215000
b1101111 0
b1101111 7
b1101111 J
b1001000 F
b1110000 I
b1101111 K
b1011000 /
b1011000 C
b1011000 L
1'
0$
#1220000
b1110000 +
b1011010010011101 (
b1011010010011101 -
b1011010010011101 6
b1001110111101001011001101111010 ,
0'
#1225000
b1110000 0
b1110000 7
b1110000 J
b1001001 F
b1110001 I
b1110000 K
b1001000 /
b1001000 C
b1001000 L
1'
#1228500
b1011011 1
b1011011 :
b1011011 E
b1001000 D
1$
#1230000
b1110001 +
b1110110010110101 (
b1110110010110101 -
b1110110010110101 6
b1011010100010101110101010110011 ,
0'
#1235000
b1110001 0
b1110001 7
b1110001 J
b1001011 F
b1110010 I
b1110001 K
b1001001 /
b1001001 C
b1001001 L
1'
#1240000
b1110010 +
b101011110011 (
b101011110011 -
b101011110011 6
b1111001110111000000100001011000 ,
0'
#1242000
0$
#1245000
b1110010 0
b1110010 7
b1110010 J
b1001010 F
b1110011 I
b1110010 K
b1001011 /
b1001011 C
b1001011 L
1'
#1250000
b1110011 +
b10100110010011 (
b10100110010011 -
b10100110010011 6
b11001001111101110010011001111001 ,
0'
#1255000
b1110011 0
b1110011 7
b1110011 J
b1001110 F
b1110100 I
b1110011 K
b1001010 /
b1001010 C
b1001010 L
1'
#1255500
b1001000 1
b1001000 :
b1001000 E
b1001010 D
1$
#1260000
b1110100 +
b1111010011011100 (
b1111010011011100 -
b1111010011011100 6
b1101110010101101111001111100110 ,
0'
#1265000
b1110100 0
b1110100 7
b1110100 J
b1001111 F
b1110101 I
b1110100 K
b1001110 /
b1001110 C
b1001110 L
1'
#1269000
0$
#1270000
b1110101 +
b1111111101110011 (
b1111111101110011 -
b1111111101110011 6
b10111001111010011111110100101111 ,
0'
#1275000
b1110101 0
b1110101 7
b1110101 J
b1001101 F
b1110110 I
b1110101 K
b1001111 /
b1001111 C
b1001111 L
1'
#1280000
b1110110 +
b10001101111110 (
b10001101111110 -
b10001101111110 6
b10111111011010100010000110100100 ,
0'
#1282500
b1001010 1
b1001010 :
b1001010 E
b1001111 D
1$
#1285000
b1110110 0
b1110110 7
b1110110 J
b1001100 F
b1110111 I
b1110110 K
b1001101 /
b1001101 C
b1001101 L
1'
#1290000
b1110111 +
b100011110011010 (
b100011110011010 -
b100011110011010 6
b11001101010101100100010001010101 ,
0'
#1295000
b1110111 0
b1110111 7
b1110111 J
b1000100 F
b1111000 I
b1110111 K
b1001100 /
b1001100 C
b1001100 L
1'
#1296000
0$
#1300000
b1111000 +
b101000100111 (
b101000100111 -
b101000100111 6
b10011111000100000100100010010 ,
0'
#1305000
b1111000 0
b1111000 7
b1111000 J
b1000101 F
b1111001 I
b1111000 K
b1000100 /
b1000100 C
b1000100 L
1'
#1309500
b1001111 1
b1001111 :
b1001111 E
b1000100 D
1$
#1310000
b1111001 +
b10111011011111 (
b10111011011111 -
b10111011011111 6
b1101111100010010010110101101011 ,
0'
#1315000
b1111001 0
b1111001 7
b1111001 J
b1000111 F
b1111010 I
b1111001 K
b1000101 /
b1000101 C
b1000101 L
1'
#1320000
b1111010 +
b1100111011101011 (
b1100111011101011 -
b1100111011101011 6
b1110101100100101100110110110000 ,
0'
#1323000
0$
#1325000
b1111010 0
b1111010 7
b1111010 J
b1000110 F
b1111011 I
b1111010 K
b1000111 /
b1000111 C
b1000111 L
1'
#1330000
b1111011 +
b1010011011010001 (
b1010011011010001 -
b1010011011010001 6
b1101000101100001010010111110001 ,
0'
#1335000
b1111011 0
b1111011 7
b1111011 J
b1000010 F
b1111100 I
b1111011 K
b1000110 /
b1000110 C
b1000110 L
1'
#1336500
b1000100 1
b1000100 :
b1000100 E
b1000110 D
1$
#1340000
b1111100 +
b10000011100111 (
b10000011100111 -
b10000011100111 6
b1110011110100110001111011111110 ,
0'
#1345000
b1111100 0
b1111100 7
b1111100 J
b1000011 F
b1111101 I
b1111100 K
b1000010 /
b1000010 C
b1000010 L
1'
#1350000
b1111101 +
b1011100100101111 (
b1011100100101111 -
b1011100100101111 6
b10010111101000001011011101100111 ,
0'
0$
#1355000
b1111101 0
b1111101 7
b1111101 J
b1000001 F
b1111110 I
b1111101 K
b1000011 /
b1000011 C
b1000011 L
1'
#1360000
b1111110 +
b1101010011000 (
b1101010011000 -
b1101010011000 6
b1001100011010100001100001111100 ,
0'
#1363500
b1000110 1
b1000110 :
b1000110 E
b1000011 D
1$
#1365000
b1111110 0
b1111110 7
b1111110 J
b1000000 F
b1111111 I
b1111110 K
b1000001 /
b1000001 C
b1000001 L
1'
#1370000
b1111111 +
b1110100101011001 (
b1110100101011001 -
b1110100101011001 6
b10101100101011111110011101001101 ,
0'
#1375000
b1111111 0
b1111111 7
b1111111 J
b11000000 F
b10000000 I
b1111111 K
b1000000 /
b1000000 C
b1000000 L
1'
#1377000
0$
#1380000
b10000000 +
b10001000111101 (
b10001000111101 -
b10001000111101 6
b11110111010000010000110101010 ,
0'
#1385000
b10000000 0
b10000000 7
b10000000 J
b11000001 F
b10000001 I
b10000000 K
b11000000 /
b11000000 C
b11000000 L
1'
#1390000
b10000001 +
b1001100101010110 (
b1001100101010110 -
b1001100101010110 6
b10101011010000101001011100100011 ,
0'
#1390500
b1000011 1
b1000011 :
b1000011 E
b11000000 D
1$
#1395000
b10000001 0
b10000001 7
b10000001 J
b11000011 F
b10000010 I
b10000001 K
b11000001 /
b11000001 C
b11000001 L
1'
#1400000
b10000010 +
b1101000000111010 (
b1101000000111010 -
b1101000000111010 6
b11101001000101100111000001000 ,
0'
#1404000
0$
#1405000
b10000010 0
b10000010 7
b10000010 J
b11000010 F
b10000011 I
b10000010 K
b11000011 /
b11000011 C
b11000011 L
1'
#1410000
b10000011 +
b110011111001110 (
b110011111001110 -
b110011111001110 6
b11100111010111010110010001101001 ,
0'
#1415000
b10000011 0
b10000011 7
b10000011 J
b11000110 F
b10000100 I
b10000011 K
b11000010 /
b11000010 C
b11000010 L
1'
#1417500
b11000000 1
b11000000 :
b11000000 E
b11000010 D
1$
#1420000
b10000100 +
b1011111011010000 (
b1011111011010000 -
b1011111011010000 6
b1101000010010111011110100010110 ,
0'
#1425000
b10000100 0
b10000100 7
b10000100 J
b11000111 F
b10000101 I
b10000100 K
b11000110 /
b11000110 C
b11000110 L
1'
#1430000
b10000101 +
b1000101000110100 (
b1000101000110100 -
b1000101000110100 6
b11010010101101000100010011111 ,
0'
#1431000
0$
#1435000
b10000101 0
b10000101 7
b10000101 J
b11000101 F
b10000110 I
b10000101 K
b11000111 /
b11000111 C
b11000111 L
1'
#1440000
b10000110 +
b111110000001001 (
b111110000001001 -
b111110000001001 6
b100110110100111101001010100 ,
0'
#1444500
b11000010 1
b11000010 :
b11000010 E
b11000111 D
1$
#1445000
b10000110 0
b10000110 7
b10000110 J
b11000100 F
b10000111 I
b10000110 K
b11000101 /
b11000101 C
b11000101 L
1'
#1450000
b10000111 +
b11101011101010 (
b11101011101010 -
b11101011101010 6
b1110101011111100011100101000101 ,
0'
#1455000
b10000111 0
b10000111 7
b10000111 J
b11001100 F
b10001000 I
b10000111 K
b11000100 /
b11000100 C
b11000100 L
1'
#1458000
0$
#1460000
b10001000 +
b101111101110000 (
b101111101110000 -
b101111101110000 6
b10111000010000010101110101000010 ,
0'
#1465000
b10001000 0
b10001000 7
b10001000 J
b11001101 F
b10001001 I
b10001000 K
b11001100 /
b11001100 C
b11001100 L
1'
#1470000
b10001001 +
b100001110110 (
b100001110110 -
b100001110110 6
b111011010101100000011111011011 ,
0'
#1471500
b11000111 1
b11000111 :
b11000111 E
b11001100 D
1$
#1475000
b10001001 0
b10001001 7
b10001001 J
b11001111 F
b10001010 I
b10001001 K
b11001101 /
b11001101 C
b11001101 L
1'
#1480000
b10001010 +
b110101111010100 (
b110101111010100 -
b110101111010100 6
b11101010001001010110100101100000 ,
0'
#1485000
b10001010 0
b10001010 7
b10001010 J
b11001110 F
b10001011 I
b10001010 K
b11001111 /
b11001111 C
b11001111 L
1'
0$
#1490000
b10001011 +
b100001110011111 (
b100001110011111 -
b100001110011111 6
b11001111101011110100000111100001 ,
0'
#1495000
b10001011 0
b10001011 7
b10001011 J
b11001010 F
b10001100 I
b10001011 K
b11001110 /
b11001110 C
b11001110 L
1'
#1498500
b11001100 1
b11001100 :
b11001100 E
b11001110 D
1$
#1500000
b10001100 +
b11000011101111 (
b11000011101111 -
b11000011101111 6
b1110111100100010010111000101110 ,
0'
#1505000
b10001100 0
b10001100 7
b10001100 J
b11001011 F
b10001101 I
b10001100 K
b11001010 /
b11001010 C
b11001010 L
1'
#1510000
b10001101 +
b101001010011001 (
b101001010011001 -
b101001010011001 6
b1001100110010000101000011010111 ,
0'
#1512000
0$
#1515000
b10001101 0
b10001101 7
b10001101 J
b11001001 F
b10001110 I
b10001101 K
b11001011 /
b11001011 C
b11001011 L
1'
#1520000
b10001110 +
b1010100111110010 (
b1010100111110010 -
b1010100111110010 6
b11111001010110101010011100101100 ,
0'
#1525000
b10001110 0
b10001110 7
b10001110 J
b11001000 F
b10001111 I
b10001110 K
b11001001 /
b11001001 C
b11001001 L
1'
#1525500
b11001110 1
b11001110 :
b11001110 E
b11001001 D
1$
#1530000
b10001111 +
b1110111011110 (
b1110111011110 -
b1110111011110 6
b11101111010000010001101000111101 ,
0'
#1535000
b10001111 0
b10001111 7
b10001111 J
b11011000 F
b10010000 I
b10001111 K
b11001000 /
b11001000 C
b11001000 L
1'
#1539000
0$
#1540000
b10010000 +
b1110111111111 (
b1110111111111 -
b1110111111111 6
b11111111101101000001101111011010 ,
0'
#1545000
b10010000 0
b10010000 7
b10010000 J
b11011001 F
b10010001 I
b10010000 K
b11011000 /
b11011000 C
b11011000 L
1'
#1550000
b10010001 +
b110000000001000 (
b110000000001000 -
b110000000001000 6
b100011111100101111110010011 ,
0'
#1552500
b11001001 1
b11001001 :
b11001001 E
b11011000 D
1$
#1555000
b10010001 0
b10010001 7
b10010001 J
b11011011 F
b10010010 I
b10010001 K
b11011001 /
b11011001 C
b11011001 L
1'
#1560000
b10010010 +
b11000111 (
b11000111 -
b11000111 6
b1100011100111111111111110111000 ,
0'
#1565000
b10010010 0
b10010010 7
b10010010 J
b11011010 F
b10010011 I
b10010010 K
b11011011 /
b11011011 C
b11011011 L
1'
#1566000
0$
#1570000
b10010011 +
b10000111001101 (
b10000111001101 -
b10000111001101 6
b11100110110101000001111001011001 ,
0'
#1575000
b10010011 0
b10010011 7
b10010011 J
b11011110 F
b10010100 I
b10010011 K
b11011010 /
b11011010 C
b11011010 L
1'
#1579500
b11011000 1
b11011000 :
b11011000 E
b11011010 D
1$
#1580000
b10010100 +
b1101010101110111 (
b1101010101110111 -
b1101010101110111 6
b10111011101111111101001001000110 ,
0'
#1585000
b10010100 0
b10010100 7
b10010100 J
b11011111 F
b10010101 I
b10010100 K
b11011110 /
b11011110 C
b11011110 L
1'
#1590000
b10010101 +
b1111001111010001 (
b1111001111010001 -
b1111001111010001 6
b11101000100011101111000000001111 ,
0'
#1593000
0$
#1595000
b10010101 0
b10010101 7
b10010101 J
b11011101 F
b10010110 I
b10010101 K
b11011111 /
b11011111 C
b11011111 L
1'
#1600000
b10010110 +
b11011001 (
b11011001 -
b11011001 6
b1101100101101011111111100000100 ,
0'
#1605000
b10010110 0
b10010110 7
b10010110 J
b11011100 F
b10010111 I
b10010110 K
b11011101 /
b11011101 C
b11011101 L
1'
#1606500
b11011010 1
b11011010 :
b11011010 E
b11011101 D
1$
#1610000
b10010111 +
b110110010010101 (
b110110010010101 -
b110110010010101 6
b1001010101101000110101000110101 ,
0'
#1615000
b10010111 0
b10010111 7
b10010111 J
b11010100 F
b10011000 I
b10010111 K
b11011100 /
b11011100 C
b11011100 L
1'
#1620000
b10011000 +
b1011111011001100 (
b1011111011001100 -
b1011111011001100 6
b1100110000100101011110101110010 ,
0'
0$
#1625000
b10011000 0
b10011000 7
b10011000 J
b11010101 F
b10011001 I
b10011000 K
b11010100 /
b11010100 C
b11010100 L
1'
#1630000
b10011001 +
b1000000011011100 (
b1000000011011100 -
b1000000011011100 6
b1101110000100100111111001001011 ,
0'
#1633500
b11011101 1
b11011101 :
b11011101 E
b11010100 D
1$
#1635000
b10011001 0
b10011001 7
b10011001 J
b11010111 F
b10011010 I
b10011001 K
b11010101 /
b11010101 C
b11010101 L
1'
#1640000
b10011010 +
b1111001100100111 (
b1111001100100111 -
b1111001100100111 6
b10010011100000111111000100010000 ,
0'
#1645000
b10011010 0
b10011010 7
b10011010 J
b11010110 F
b10011011 I
b10011010 K
b11010111 /
b11010111 C
b11010111 L
1'
#1647000
0$
#1650000
b10011011 +
b1101101110001001 (
b1101101110001001 -
b1101101110001001 6
b11000100111101011101100111010001 ,
0'
#1655000
b10011011 0
b10011011 7
b10011011 J
b11010010 F
b10011100 I
b10011011 K
b11010110 /
b11010110 C
b11010110 L
1'
#1660000
b10011100 +
b101000011101 (
b101000011101 -
b101000011101 6
b1110110000000000100101011110 ,
0'
#1660500
b11010100 1
b11010100 :
b11010100 E
b11010110 D
1$
#1665000
b10011100 0
b10011100 7
b10011100 J
b11010011 F
b10011101 I
b10011100 K
b11010010 /
b11010010 C
b11010010 L
1'
#1670000
b10011101 +
b100100100110011 (
b100100100110011 -
b100100100110011 6
b10011001100111110100011001000111 ,
0'
#1674000
0$
#1675000
b10011101 0
b10011101 7
b10011101 J
b11010001 F
b10011110 I
b10011101 K
b11010011 /
b11010011 C
b11010011 L
1'
#1680000
b10011110 +
b1110001011000010 (
b1110001011000010 -
b1110001011000010 6
b1100001011000111110000111011100 ,
0'
#1685000
b10011110 0
b10011110 7
b10011110 J
b11010000 F
b10011111 I
b10011110 K
b11010001 /
b11010001 C
b11010001 L
1'
#1687500
b11010110 1
b11010110 :
b11010110 E
b11010001 D
1$
#1690000
b10011111 +
b101111100010 (
b101111100010 -
b101111100010 6
b11110001010100000000100100101101 ,
0'
#1695000
b10011111 0
b10011111 7
b10011111 J
b11110000 F
b10100000 I
b10011111 K
b11010000 /
b11010000 C
b11010000 L
1'
#1700000
b10100000 +
b1010010010101101 (
b1010010010101101 -
b1010010010101101 6
b1010110101110111010001000001010 ,
0'
#1701000
0$
#1705000
b10100000 0
b10100000 7
b10100000 J
b11110001 F
b10100001 I
b10100000 K
b11110000 /
b11110000 C
b11110000 L
1'
#1710000
b10100001 +
b100011100111011 (
b100011100111011 -
b100011100111011 6
b10011101100001010100010000000011 ,
0'
#1714500
b11010001 1
b11010001 :
b11010001 E
b11110000 D
1$
#1715000
b10100001 0
b10100001 7
b10100001 J
b11110011 F
b10100010 I
b10100001 K
b11110001 /
b11110001 C
b11110001 L
1'
#1720000
b10100010 +
b1001111001011000 (
b1001111001011000 -
b1001111001011000 6
b101100001011101001110101101000 ,
0'
#1725000
b10100010 0
b10100010 7
b10100010 J
b11110010 F
b10100011 I
b10100010 K
b11110011 /
b11110011 C
b11110011 L
1'
#1728000
0$
#1730000
b10100011 +
b101011010111001 (
b101011010111001 -
b101011010111001 6
b1011100101110100101010001001001 ,
0'
#1735000
b10100011 0
b10100011 7
b10100011 J
b11110110 F
b10100100 I
b10100011 K
b11110010 /
b11110010 C
b11110010 L
1'
#1740000
b10100100 +
b11010000010111 (
b11010000010111 -
b11010000010111 6
b1011110001100011001101110110 ,
0'
#1741500
b11110000 1
b11110000 :
b11110000 E
b11110010 D
1$
#1745000
b10100100 0
b10100100 7
b10100100 J
b11110111 F
b10100101 I
b10100100 K
b11110110 /
b11110110 C
b11110110 L
1'
#1750000
b10100101 +
b11010101100011 (
b11010101100011 -
b11010101100011 6
b10110001110010100011001101111111 ,
0'
#1755000
b10100101 0
b10100101 7
b10100101 J
b11110101 F
b10100110 I
b10100101 K
b11110111 /
b11110111 C
b11110111 L
1'
0$
#1760000
b10100110 +
b1011000110101110 (
b1011000110101110 -
b1011000110101110 6
b11010111000001111010111110110100 ,
0'
#1765000
b10100110 0
b10100110 7
b10100110 J
b11110100 F
b10100111 I
b10100110 K
b11110101 /
b11110101 C
b11110101 L
1'
#1768500
b11110010 1
b11110010 :
b11110010 E
b11110101 D
1$
#1770000
b10100111 +
b1101100010001001 (
b1101100010001001 -
b1101100010001001 6
b1000100110001111101011100100101 ,
0'
#1775000
b10100111 0
b10100111 7
b10100111 J
b11111100 F
b10101000 I
b10100111 K
b11110100 /
b11110100 C
b11110100 L
1'
#1780000
b10101000 +
b10101000100010 (
b10101000100010 -
b10101000100010 6
b10001000110010010100110100010 ,
0'
#1782000
0$
#1785000
b10101000 0
b10101000 7
b10101000 J
b11111101 F
b10101001 I
b10101000 K
b11111100 /
b11111100 C
b11111100 L
1'
#1790000
b10101001 +
b1001001001000011 (
b1001001001000011 -
b1001001001000011 6
b100001111001011001000010111011 ,
0'
#1795000
b10101001 0
b10101001 7
b10101001 J
b11111111 F
b10101010 I
b10101001 K
b11111101 /
b11111101 C
b11111101 L
1'
#1795500
b11110101 1
b11110101 :
b11110101 E
b11111101 D
1$
#1800000
b10101010 +
b110011010111011 (
b110011010111011 -
b110011010111011 6
b1011101111010010110010011000000 ,
0'
#1805000
b10101010 0
b10101010 7
b10101010 J
b11111110 F
b10101011 I
b10101010 K
b11111111 /
b11111111 C
b11111111 L
1'
#1809000
0$
#1810000
b10101011 +
b110111011100101 (
b110111011100101 -
b110111011100101 6
b1110010110000110110110111000001 ,
0'
#1815000
b10101011 0
b10101011 7
b10101011 J
b11111010 F
b10101100 I
b10101011 K
b11111110 /
b11111110 C
b11111110 L
1'
#1820000
b10101100 +
b1011001010000001 (
b1011001010000001 -
b1011001010000001 6
b1000000110100101011000010001110 ,
0'
#1822500
b11111101 1
b11111101 :
b11111101 E
b11111110 D
1$
#1825000
b10101100 0
b10101100 7
b10101100 J
b11111011 F
b10101101 I
b10101100 K
b11111010 /
b11111010 C
b11111010 L
1'
#1830000
b10101101 +
b1001100010011000 (
b1001100010011000 -
b1001100010011000 6
b1001100001111001001011110110111 ,
0'
#1835000
b10101101 0
b10101101 7
b10101101 J
b11111001 F
b10101110 I
b10101101 K
b11111011 /
b11111011 C
b11111011 L
1'
#1836000
0$
#1840000
b10101110 +
b1100101101101111 (
b1100101101101111 -
b1100101101101111 6
b10110111111100001100100010001100 ,
0'
#1845000
b10101110 0
b10101110 7
b10101110 J
b11111000 F
b10101111 I
b10101110 K
b11111001 /
b11111001 C
b11111001 L
1'
#1849500
b11111110 1
b11111110 :
b11111110 E
b11111001 D
1$
#1850000
b10101111 +
b1011011010011101 (
b1011011010011101 -
b1011011010011101 6
b1001110100010111011010000011101 ,
0'
#1855000
b10101111 0
b10101111 7
b10101111 J
b11101000 F
b10110000 I
b10101111 K
b11111000 /
b11111000 C
b11111000 L
1'
#1860000
b10110000 +
b1011011101100100 (
b1011011101100100 -
b1011011101100100 6
b10110010001000011011010000111010 ,
0'
#1863000
0$
#1865000
b10110000 0
b10110000 7
b10110000 J
b11101001 F
b10110001 I
b10110000 K
b11101000 /
b11101000 C
b11101000 L
1'
#1870000
b10110001 +
b100011000011110 (
b100011000011110 -
b100011000011110 6
b1111010111100100010001110011 ,
0'
#1875000
b10110001 0
b10110001 7
b10110001 J
b11101011 F
b10110010 I
b10110001 K
b11101001 /
b11101001 C
b11101001 L
1'
#1876500
b11111001 1
b11111001 :
b11111001 E
b11101001 D
1$
#1880000
b10110010 +
b1010100010111000 (
b1010100010111000 -
b1010100010111000 6
b1011100011010011010011100011000 ,
0'
#1885000
b10110010 0
b10110010 7
b10110010 J
b11101010 F
b10110011 I
b10110010 K
b11101011 /
b11101011 C
b11101011 L
1'
#1890000
b10110011 +
b100000001010 (
b100000001010 -
b100000001010 6
b101001011110000011000111001 ,
0'
0$
#1895000
b10110011 0
b10110011 7
b10110011 J
b11101110 F
b10110100 I
b10110011 K
b11101010 /
b11101010 C
b11101010 L
1'
#1900000
b10110100 +
b1110001100100000 (
b1110001100100000 -
b1110001100100000 6
b10010000001100011110000010100110 ,
0'
#1903500
b11101001 1
b11101001 :
b11101001 E
b11101010 D
1$
#1905000
b10110100 0
b10110100 7
b10110100 J
b11101111 F
b10110101 I
b10110100 K
b11101110 /
b11101110 C
b11101110 L
1'
#1910000
b10110101 +
b101010111000001 (
b101010111000001 -
b101010111000001 6
b11100000111111110101001011101111 ,
0'
#1915000
b10110101 0
b10110101 7
b10110101 J
b11101101 F
b10110110 I
b10110101 K
b11101111 /
b11101111 C
b11101111 L
1'
#1917000
0$
#1920000
b10110110 +
b1000111011101101 (
b1000111011101101 -
b1000111011101101 6
b1110110100110101000110001100100 ,
0'
#1925000
b10110110 0
b10110110 7
b10110110 J
b11101100 F
b10110111 I
b10110110 K
b11101101 /
b11101101 C
b11101101 L
1'
#1930000
b10110111 +
b1000001010111110 (
b1000001010111110 -
b1000001010111110 6
b1011111010001111000000000010101 ,
0'
#1930500
b11101010 1
b11101010 :
b11101010 E
b11101101 D
1$
#1935000
b10110111 0
b10110111 7
b10110111 J
b11100100 F
b10111000 I
b10110111 K
b11101100 /
b11101100 C
b11101100 L
1'
#1940000
b10111000 +
b1010001011011011 (
b1010001011011011 -
b1010001011011011 6
b1101101110101111010000111010010 ,
0'
#1944000
0$
#1945000
b10111000 0
b10111000 7
b10111000 J
b11100101 F
b10111001 I
b10111000 K
b11100100 /
b11100100 C
b11100100 L
1'
#1950000
b10111001 +
b100000100010101 (
b100000100010101 -
b100000100010101 6
b10001010101101100011111100101011 ,
0'
#1955000
b10111001 0
b10111001 7
b10111001 J
b11100111 F
b10111010 I
b10111001 K
b11100101 /
b11100101 C
b11100101 L
1'
#1957500
b11101101 1
b11101101 :
b11101101 E
b11100101 D
1$
#1960000
b10111010 +
b1100011100101000 (
b1100011100101000 -
b1100011100101000 6
b10010100010100001100010001110000 ,
0'
#1965000
b10111010 0
b10111010 7
b10111010 J
b11100110 F
b10111011 I
b10111010 K
b11100111 /
b11100111 C
b11100111 L
1'
#1970000
b10111011 +
b1111111101000110 (
b1111111101000110 -
b1111111101000110 6
b10100011000101101111110110110001 ,
0'
#1971000
0$
#1975000
b10111011 0
b10111011 7
b10111011 J
b11100010 F
b10111100 I
b10111011 K
b11100110 /
b11100110 C
b11100110 L
1'
#1980000
b10111100 +
b10010110000011 (
b10010110000011 -
b10010110000011 6
b11000001111111000010001110111110 ,
0'
#1984500
b11100101 1
b11100101 :
b11100101 E
b11100110 D
1$
#1985000
b10111100 0
b10111100 7
b10111100 J
b11100011 F
b10111101 I
b10111100 K
b11100010 /
b11100010 C
b11100010 L
1'
#1990000
b10111101 +
b100011010010000 (
b100011010010000 -
b100011010010000 6
b1001000011101110100010100100111 ,
0'
#1995000
b10111101 0
b10111101 7
b10111101 J
b11100001 F
b10111110 I
b10111101 K
b11100011 /
b11100011 C
b11100011 L
1'
#1998000
0$
#2000000
b10111110 +
b101110010110110 (
b101110010110110 -
b101110010110110 6
b1011011001011000101101100111100 ,
0'
#2005000
b10111110 0
b10111110 7
b10111110 J
b11100000 F
b10111111 I
b10111110 K
b11100001 /
b11100001 C
b11100001 L
1'
#2010000
b10111111 +
b1110100111100 (
b1110100111100 -
b1110100111100 6
b10011110011000110001101100001101 ,
0'
#2011500
b11100110 1
b11100110 :
b11100110 E
b11100001 D
1$
#2015000
b10111111 0
b10111111 7
b10111111 J
b10100000 F
b11000000 I
b10111111 K
b11100000 /
b11100000 C
b11100000 L
1'
#2020000
b11000000 +
b101010111110001 (
b101010111110001 -
b101010111110001 6
b11111000110010010101001001101010 ,
0'
#2025000
b11000000 0
b11000000 7
b11000000 J
b10100001 F
b11000001 I
b11000000 K
b10100000 /
b10100000 C
b10100000 L
1'
0$
#2030000
b11000001 +
b110001110001001 (
b110001110001001 -
b110001110001001 6
b11000100110100000110000011100011 ,
0'
#2035000
b11000001 0
b11000001 7
b11000001 J
b10100011 F
b11000010 I
b11000001 K
b10100001 /
b10100001 C
b10100001 L
1'
#2038500
b11100001 1
b11100001 :
b11100001 E
b10100001 D
1$
#2040000
b11000010 +
b1111100100001 (
b1111100100001 -
b1111100100001 6
b10010000101011000001110011001000 ,
0'
#2045000
b11000010 0
b11000010 7
b11000010 J
b10100010 F
b11000011 I
b11000010 K
b10100011 /
b10100011 C
b10100011 L
1'
#2050000
b11000011 +
b11011101101000 (
b11011101101000 -
b11011101101000 6
b10110100000100010011010000101001 ,
0'
#2052000
0$
#2055000
b11000011 0
b11000011 7
b11000011 J
b10100110 F
b11000100 I
b11000011 K
b10100010 /
b10100010 C
b10100010 L
1'
#2060000
b11000100 +
b1101101010001011 (
b1101101010001011 -
b1101101010001011 6
b1000101100101011101100111010110 ,
0'
#2065000
b11000100 0
b11000100 7
b11000100 J
b10100111 F
b11000101 I
b11000100 K
b10100110 /
b10100110 C
b10100110 L
1'
#2065500
b10100001 1
b10100001 :
b10100001 E
b10100110 D
1$
#2070000
b11000101 +
b101000001011101 (
b101000001011101 -
b101000001011101 6
b101110111001010100111001011111 ,
0'
#2075000
b11000101 0
b11000101 7
b11000101 J
b10100101 F
b11000110 I
b11000101 K
b10100111 /
b10100111 C
b10100111 L
1'
#2079000
0$
#2080000
b11000110 +
b1001011100000001 (
b1001011100000001 -
b1001011100000001 6
b10000000111110011001010100010100 ,
0'
#2085000
b11000110 0
b11000110 7
b11000110 J
b10100100 F
b11000111 I
b11000110 K
b10100101 /
b10100101 C
b10100101 L
1'
#2090000
b11000111 +
b110011100010011 (
b110011100010011 -
b110011100010011 6
b10001001100000100110010100000101 ,
0'
#2092500
b10100110 1
b10100110 :
b10100110 E
b10100101 D
1$
#2095000
b11000111 0
b11000111 7
b11000111 J
b10101100 F
b11001000 I
b11000111 K
b10100100 /
b10100100 C
b10100100 L
1'
#2100000
b11001000 +
b10100001000011 (
b10100001000011 -
b10100001000011 6
b100001100100010010011000000010 ,
0'
#2105000
b11001000 0
b11001000 7
b11001000 J
b10101101 F
b11001001 I
b11001000 K
b10101100 /
b10101100 C
b10101100 L
1'
#2106000
0$
#2110000
b11001001 +
b1000101011001100 (
b1000101011001100 -
b1000101011001100 6
b1100110001010111000100110011011 ,
0'
#2115000
b11001001 0
b11001001 7
b11001001 J
b10101111 F
b11001010 I
b11001001 K
b10101101 /
b10101101 C
b10101101 L
1'
#2119500
b10100101 1
b10100101 :
b10100101 E
b10101101 D
1$
#2120000
b11001010 +
b1001100100000 (
b1001100100000 -
b1001100100000 6
b10010000011101010001000000100000 ,
0'
#2125000
b11001010 0
b11001010 7
b11001010 J
b10101110 F
b11001011 I
b11001010 K
b10101111 /
b10101111 C
b10101111 L
1'
#2130000
b11001011 +
b1000101101011111 (
b1000101101011111 -
b1000101101011111 6
b10101111101011111000100110100001 ,
0'
#2133000
0$
#2135000
b11001011 0
b11001011 7
b11001011 J
b10101010 F
b11001100 I
b11001011 K
b10101110 /
b10101110 C
b10101110 L
1'
#2140000
b11001100 +
b110010001000110 (
b110010001000110 -
b110010001000110 6
b100011001011110110001011101110 ,
0'
#2145000
b11001100 0
b11001100 7
b11001100 J
b10101011 F
b11001101 I
b11001100 K
b10101010 /
b10101010 C
b10101010 L
1'
#2146500
b10101101 1
b10101101 :
b10101101 E
b10101010 D
1$
#2150000
b11001101 +
b101000111101111 (
b101000111101111 -
b101000111101111 6
b11110111111001100100111010010111 ,
0'
#2155000
b11001101 0
b11001101 7
b11001101 J
b10101001 F
b11001110 I
b11001101 K
b10101011 /
b10101011 C
b10101011 L
1'
#2160000
b11001110 +
b1001101100001000 (
b1001101100001000 -
b1001101100001000 6
b10000100000000011001100111101100 ,
0'
0$
#2165000
b11001110 0
b11001110 7
b11001110 J
b10101000 F
b11001111 I
b11001110 K
b10101001 /
b10101001 C
b10101001 L
1'
#2170000
b11001111 +
b11111011001000 (
b11111011001000 -
b11111011001000 6
b1100100000001010011110111111101 ,
0'
#2173500
b10101010 1
b10101010 :
b10101010 E
b10101001 D
1$
#2175000
b11001111 0
b11001111 7
b11001111 J
b10111000 F
b11010000 I
b11001111 K
b10101000 /
b10101000 C
b10101000 L
1'
#2180000
b11010000 +
b111111100110100 (
b111111100110100 -
b111111100110100 6
b10011010010101010111110010011010 ,
0'
#2185000
b11010000 0
b11010000 7
b11010000 J
b10111001 F
b11010001 I
b11010000 K
b10111000 /
b10111000 C
b10111000 L
1'
#2187000
0$
#2190000
b11010001 +
b1001101011010100 (
b1001101011010100 -
b1001101011010100 6
b1101010011000101001100101010011 ,
0'
#2195000
b11010001 0
b11010001 7
b11010001 J
b10111011 F
b11010010 I
b11010001 K
b10111001 /
b10111001 C
b10111001 L
1'
#2200000
b11010010 +
b110011000 (
b110011000 -
b110011000 6
b11001100000100001111111001111000 ,
0'
#2200500
b10101001 1
b10101001 :
b10101001 E
b10111001 D
1$
#2205000
b11010010 0
b11010010 7
b11010010 J
b10111010 F
b11010011 I
b11010010 K
b10111011 /
b10111011 C
b10111011 L
1'
#2210000
b11010011 +
b1110000010001001 (
b1110000010001001 -
b1110000010001001 6
b1000100111111111101111000011001 ,
0'
#2214000
0$
#2215000
b11010011 0
b11010011 7
b11010011 J
b10111110 F
b11010100 I
b11010011 K
b10111010 /
b10111010 C
b10111010 L
1'
#2220000
b11010100 +
b10000000111010 (
b10000000111010 -
b10000000111010 6
b11101010001010001111100000110 ,
0'
#2225000
b11010100 0
b11010100 7
b11010100 J
b10111111 F
b11010101 I
b11010100 K
b10111110 /
b10111110 C
b10111110 L
1'
#2227500
b10111001 1
b10111001 :
b10111001 E
b10111110 D
1$
#2230000
b11010101 +
b10011000100011 (
b10011000100011 -
b10011000100011 6
b10001111100110010010111001111 ,
0'
#2235000
b11010101 0
b11010101 7
b11010101 J
b10111101 F
b11010110 I
b11010101 K
b10111111 /
b10111111 C
b10111111 L
1'
#2240000
b11010110 +
b1100101110111100 (
b1100101110111100 -
b1100101110111100 6
b11011110011011111100100111000100 ,
0'
#2241000
0$
#2245000
b11010110 0
b11010110 7
b11010110 J
b10111100 F
b11010111 I
b11010110 K
b10111101 /
b10111101 C
b10111101 L
1'
#2250000
b11010111 +
b1000011100101101 (
b1000011100101101 -
b1000011100101101 6
b10010110100001111000010111110101 ,
0'
#2254500
b10111110 1
b10111110 :
b10111110 E
b10111101 D
1$
#2255000
b11010111 0
b11010111 7
b11010111 J
b10110100 F
b11011000 I
b11010111 K
b10111100 /
b10111100 C
b10111100 L
1'
#2260000
b11011000 +
b1011100111100100 (
b1011100111100100 -
b1011100111100100 6
b11110010010010001011011000110010 ,
0'
#2265000
b11011000 0
b11011000 7
b11011000 J
b10110101 F
b11011001 I
b11011000 K
b10110100 /
b10110100 C
b10110100 L
1'
#2268000
0$
#2270000
b11011001 +
b111001011010111 (
b111001011010111 -
b111001011010111 6
b1101011101011000111000000001011 ,
0'
#2275000
b11011001 0
b11011001 7
b11011001 J
b10110111 F
b11011010 I
b11011001 K
b10110101 /
b10110101 C
b10110101 L
1'
#2280000
b11011010 +
b100100011010101 (
b100100011010101 -
b100100011010101 6
b1101010110100010100011111010000 ,
0'
#2281500
b10111101 1
b10111101 :
b10111101 E
b10110101 D
1$
#2285000
b11011010 0
b11011010 7
b11011010 J
b10110110 F
b11011011 I
b11011010 K
b10110111 /
b10110111 C
b10110111 L
1'
#2290000
b11011011 +
b1001011100100 (
b1001011100100 -
b1001011100100 6
b1110010000011000001000110010001 ,
0'
#2295000
b11011011 0
b11011011 7
b11011011 J
b10110010 F
b11011100 I
b11011011 K
b10110110 /
b10110110 C
b10110110 L
1'
0$
#2300000
b11011100 +
b111000000000100 (
b111000000000100 -
b111000000000100 6
b10000111110110111000011110 ,
0'
#2305000
b11011100 0
b11011100 7
b11011100 J
b10110011 F
b11011101 I
b11011100 K
b10110010 /
b10110010 C
b10110010 L
1'
#2308500
b10110101 1
b10110101 :
b10110101 E
b10110010 D
1$
#2310000
b11011101 +
b1011011101110011 (
b1011011101110011 -
b1011011101110011 6
b10111001111000001011010000000111 ,
0'
#2315000
b11011101 0
b11011101 7
b11011101 J
b10110001 F
b11011110 I
b11011101 K
b10110011 /
b10110011 C
b10110011 L
1'
#2320000
b11011110 +
b1000011111101100 (
b1000011111101100 -
b1000011111101100 6
b11110110000110111000010010011100 ,
0'
#2322000
0$
#2325000
b11011110 0
b11011110 7
b11011110 J
b10110000 F
b11011111 I
b11011110 K
b10110001 /
b10110001 C
b10110001 L
1'
#2330000
b11011111 +
b1111111111100 (
b1111111111100 -
b1111111111100 6
b11111110011000010001110011101101 ,
0'
#2335000
b11011111 0
b11011111 7
b11011111 J
b10010000 F
b11100000 I
b11011111 K
b10110000 /
b10110000 C
b10110000 L
1'
#2335500
b10110010 1
b10110010 :
b10110010 E
b10110000 D
1$
#2340000
b11100000 +
b11010101111110 (
b11010101111110 -
b11010101111110 6
b10111111001010010011001011001010 ,
0'
#2345000
b11100000 0
b11100000 7
b11100000 J
b10010001 F
b11100001 I
b11100000 K
b10010000 /
b10010000 C
b10010000 L
1'
#2349000
0$
#2350000
b11100001 +
b1110111010111100 (
b1110111010111100 -
b1110111010111100 6
b1011110010110111110110111000011 ,
0'
#2355000
b11100001 0
b11100001 7
b11100001 J
b10010011 F
b11100010 I
b11100001 K
b10010001 /
b10010001 C
b10010001 L
1'
#2360000
b11100010 +
b100111001010000 (
b100111001010000 -
b100111001010000 6
b101000011100110100110000101000 ,
0'
#2362500
b10110000 1
b10110000 :
b10110000 E
b10010001 D
1$
#2365000
b11100010 0
b11100010 7
b11100010 J
b10010010 F
b11100011 I
b11100010 K
b10010011 /
b10010011 C
b10010011 L
1'
#2370000
b11100011 +
b11100010110 (
b11100010110 -
b11100010110 6
b10001011010110100000010000001001 ,
0'
#2375000
b11100011 0
b11100011 7
b11100011 J
b10010110 F
b11100100 I
b11100011 K
b10010010 /
b10010010 C
b10010010 L
1'
#2376000
0$
#2380000
b11100100 +
b1011001001011010 (
b1011001001011010 -
b1011001001011010 6
b101101010100101011000000110110 ,
0'
#2385000
b11100100 0
b11100100 7
b11100100 J
b10010111 F
b11100101 I
b11100100 K
b10010110 /
b10010110 C
b10010110 L
1'
#2389500
b10010001 1
b10010001 :
b10010001 E
b10010110 D
1$
#2390000
b11100101 +
b1101101001011100 (
b1101101001011100 -
b1101101001011100 6
b101110010111111101100100111111 ,
0'
#2395000
b11100101 0
b11100101 7
b11100101 J
b10010101 F
b11100110 I
b11100101 K
b10010111 /
b10010111 C
b10010111 L
1'
#2400000
b11100110 +
b10110110110100 (
b10110110110100 -
b10110110110100 6
b11011010000010000010101001110100 ,
0'
#2403000
0$
#2405000
b11100110 0
b11100110 7
b11100110 J
b10010100 F
b11100111 I
b11100110 K
b10010101 /
b10010101 C
b10010101 L
1'
#2410000
b11100111 +
b1110010001011010 (
b1110010001011010 -
b1110010001011010 6
b101101001001011110001011100101 ,
0'
#2415000
b11100111 0
b11100111 7
b11100111 J
b10011100 F
b11101000 I
b11100111 K
b10010100 /
b10010100 C
b10010100 L
1'
#2416500
b10010110 1
b10010110 :
b10010110 E
b10010100 D
1$
#2420000
b11101000 +
b101010111101101 (
b101010111101101 -
b101010111101101 6
b11110110110000010101001001100010 ,
0'
#2425000
b11101000 0
b11101000 7
b11101000 J
b10011101 F
b11101001 I
b11101000 K
b10011100 /
b10011100 C
b10011100 L
1'
#2430000
b11101001 +
b1111010101111000 (
b1111010101111000 -
b1111010101111000 6
b10111100010111111111001001111011 ,
0'
0$
#2435000
b11101001 0
b11101001 7
b11101001 J
b10011111 F
b11101010 I
b11101001 K
b10011101 /
b10011101 C
b10011101 L
1'
#2440000
b11101010 +
b110110101010101 (
b110110101010101 -
b110110101010101 6
b10101010101000000110101110000000 ,
0'
#2443500
b10010100 1
b10010100 :
b10010100 E
b10011101 D
1$
#2445000
b11101010 0
b11101010 7
b11101010 J
b10011110 F
b11101011 I
b11101010 K
b10011111 /
b10011111 C
b10011111 L
1'
#2450000
b11101011 +
b1001011001100110 (
b1001011001100110 -
b1001011001100110 6
b110011011010111001010110000001 ,
0'
#2455000
b11101011 0
b11101011 7
b11101011 J
b10011010 F
b11101100 I
b11101011 K
b10011110 /
b10011110 C
b10011110 L
1'
#2457000
0$
#2460000
b11101100 +
b100011001110010 (
b100011001110010 -
b100011001110010 6
b111001001111110100010101001110 ,
0'
#2465000
b11101100 0
b11101100 7
b11101100 J
b10011011 F
b11101101 I
b11101100 K
b10011010 /
b10011010 C
b10011010 L
1'
#2470000
b11101101 +
b111011010100110 (
b111011010100110 -
b111011010100110 6
b1010011011111010111010101110111 ,
0'
#2470500
b10011101 1
b10011101 :
b10011101 E
b10011010 D
1$
#2475000
b11101101 0
b11101101 7
b11101101 J
b10011001 F
b11101110 I
b11101101 K
b10011011 /
b10011011 C
b10011011 L
1'
#2480000
b11101110 +
b1110101011111 (
b1110101011111 -
b1110101011111 6
b10101111111001010001101101001100 ,
0'
#2484000
0$
#2485000
b11101110 0
b11101110 7
b11101110 J
b10011000 F
b11101111 I
b11101110 K
b10011001 /
b10011001 C
b10011001 L
1'
#2490000
b11101111 +
b1011100100110000 (
b1011100100110000 -
b1011100100110000 6
b10011000001001011011011111011101 ,
0'
#2495000
b11101111 0
b11101111 7
b11101111 J
b10001000 F
b11110000 I
b11101111 K
b10011000 /
b10011000 C
b10011000 L
1'
#2497500
b10011010 1
b10011010 :
b10011010 E
b10011000 D
1$
#2500000
b11110000 +
b111011011110000 (
b111011011110000 -
b111011011110000 6
b1111000011001110111010011111010 ,
0'
#2505000
b11110000 0
b11110000 7
b11110000 J
b10001001 F
b11110001 I
b11110000 K
b10001000 /
b10001000 C
b10001000 L
1'
#2510000
b11110001 +
b110000001000001 (
b110000001000001 -
b110000001000001 6
b100000110000110101111000110011 ,
0'
#2511000
0$
#2515000
b11110001 0
b11110001 7
b11110001 J
b10001011 F
b11110010 I
b11110001 K
b10001001 /
b10001001 C
b10001001 L
1'
#2520000
b11110010 +
b11100001100 (
b11100001100 -
b11100001100 6
b10000110011011100000010111011000 ,
0'
#2524500
b10011000 1
b10011000 :
b10011000 E
b10001001 D
1$
#2525000
b11110010 0
b11110010 7
b11110010 J
b10001010 F
b11110011 I
b11110010 K
b10001011 /
b10001011 C
b10001011 L
1'
#2530000
b11110011 +
b1010011010000100 (
b1010011010000100 -
b1010011010000100 6
b1000010001111101010010111111001 ,
0'
#2535000
b11110011 0
b11110011 7
b11110011 J
b10001110 F
b11110100 I
b11110011 K
b10001010 /
b10001010 C
b10001010 L
1'
#2538000
0$
#2540000
b11110100 +
b1000111111000001 (
b1000111111000001 -
b1000111111000001 6
b11100000100100011000110101100110 ,
0'
#2545000
b11110100 0
b11110100 7
b11110100 J
b10001111 F
b11110101 I
b11110100 K
b10001110 /
b10001110 C
b10001110 L
1'
#2550000
b11110101 +
b110101110001100 (
b110101110001100 -
b110101110001100 6
b11000110001000100110100010101111 ,
0'
#2551500
b10001001 1
b10001001 :
b10001001 E
b10001110 D
1$
#2555000
b11110101 0
b11110101 7
b11110101 J
b10001101 F
b11110110 I
b11110101 K
b10001111 /
b10001111 C
b10001111 L
1'
#2560000
b11110110 +
b1011100110100011 (
b1011100110100011 -
b1011100110100011 6
b11010001100011011011011100100100 ,
0'
#2565000
b11110110 0
b11110110 7
b11110110 J
b10001100 F
b11110111 I
b11110110 K
b10001101 /
b10001101 C
b10001101 L
1'
0$
#2570000
b11110111 +
b111110101101111 (
b111110101101111 -
b111110101101111 6
b10110111111011000111101111010101 ,
0'
#2575000
b11110111 0
b11110111 7
b11110111 J
b10000100 F
b11111000 I
b11110111 K
b10001100 /
b10001100 C
b10001100 L
1'
#2578500
b10001110 1
b10001110 :
b10001110 E
b10001100 D
1$
#2580000
b11111000 +
b1111110110001100 (
b1111110110001100 -
b1111110110001100 6
b11000110011111011111101010010010 ,
0'
#2585000
b11111000 0
b11111000 7
b11111000 J
b10000101 F
b11111001 I
b11111000 K
b10000100 /
b10000100 C
b10000100 L
1'
#2590000
b11111001 +
b1001010100110 (
b1001010100110 -
b1001010100110 6
b1010011001011010001000011101011 ,
0'
#2592000
0$
#2595000
b11111001 0
b11111001 7
b11111001 J
b10000111 F
b11111010 I
b11111001 K
b10000101 /
b10000101 C
b10000101 L
1'
#2600000
b11111010 +
b111110111101011 (
b111110111101011 -
b111110111101011 6
b11110101110111010111101100110000 ,
0'
#2605000
b11111010 0
b11111010 7
b11111010 J
b10000110 F
b11111011 I
b11111010 K
b10000111 /
b10000111 C
b10000111 L
1'
#2605500
b10001100 1
b10001100 :
b10001100 E
b10000111 D
1$
#2610000
b11111011 +
b1011100111001 (
b1011100111001 -
b1011100111001 6
b10011100110011010001010101110001 ,
0'
#2615000
b11111011 0
b11111011 7
b11111011 J
b10000010 F
b11111100 I
b11111011 K
b10000110 /
b10000110 C
b10000110 L
1'
#2619000
0$
#2620000
b11111100 +
b1110101000011111 (
b1110101000011111 -
b1110101000011111 6
b1111110000011110100001111110 ,
0'
#2625000
b11111100 0
b11111100 7
b11111100 J
b10000011 F
b11111101 I
b11111100 K
b10000010 /
b10000010 C
b10000010 L
1'
#2630000
b11111101 +
b1001010010111111 (
b1001010010111111 -
b1001010010111111 6
b1011111100100111001001011100111 ,
0'
#2632500
b10000111 1
b10000111 :
b10000111 E
b10000010 D
1$
#2635000
b11111101 0
b11111101 7
b11111101 J
b10000001 F
b11111110 I
b11111101 K
b10000011 /
b10000011 C
b10000011 L
1'
#2640000
b11111110 +
b101111100110101 (
b101111100110101 -
b101111100110101 6
b10011010100010010101110111111100 ,
0'
#2645000
b11111110 0
b11111110 7
b11111110 J
b10000000 F
b11111111 I
b11111110 K
b10000001 /
b10000001 C
b10000001 L
1'
#2646000
0$
#2650000
b11111111 +
b1000000101111 (
b1000000101111 -
b1000000101111 6
b10111110000100000111011001101 ,
0'
#2655000
1H
b11111111 0
b11111111 7
b11111111 J
b110000000 F
b100000000 I
b11111111 K
b10000000 /
b10000000 C
b10000000 L
1'
#2659500
b10000010 1
b10000010 :
b10000010 E
b10000000 D
1$
#2660000
b100000000 +
b100010111011111 (
b100010111011111 -
b100010111011111 6
b11101111111100110100001100101010 ,
0'
#2665000
b0 0
b0 7
b0 J
1H
b110000000 F
1!
b100000000 I
b100000000 K
b110000000 /
b110000000 C
b110000000 L
1'
#2670000
b100000001 +
b1110110110000110 (
b1110110110000110 -
b1110110110000110 6
b11000011010111111110101010100011 ,
0'
#2673000
0$
#2675000
1'
#2680000
b100000010 +
b10110001111010 (
b10110001111010 -
b10110001111010 6
b111101010111000010101110001000 ,
0'
#2685000
1'
#2686500
b10000000 1
b10000000 :
b10000000 E
b110000000 D
1$
#2690000
b100000011 +
b1100010111111001 (
b1100010111111001 -
b1100010111111001 6
b11111100100011001100001111101001 ,
0'
#2695000
1'
#2700000
0)
0'
0$
#2705000
1'
#2710000
0'
#2713500
b110000000 1
b110000000 :
b110000000 E
1$
#2715000
1'
#2720000
0'
#2725000
1'
#2727000
0$
#2730000
0'
#2735000
1'
#2740000
0'
#2740500
1$
#2745000
1'
#2750000
0'
#2754000
0$
#2755000
1'
#2760000
0'
#2765000
1'
#2767500
1$
#2770000
0'
#2775000
1'
#2780000
0'
#2781000
0$
#2785000
1'
#2790000
0'
#2794500
1$
#2795000
1'
#2800000
0'
#2805000
1'
#2808000
0$
#2810000
0'
#2815000
1'
#2820000
0'
#2821500
1$
#2825000
1'
#2830000
0'
#2835000
1'
0$
#2840000
0'
#2845000
1'
#2848500
1$
#2850000
0'
#2855000
1'
#2860000
0'
#2862000
0$
#2865000
1'
#2870000
0'
#2875000
1'
#2875500
1$
#2880000
0'
#2885000
1'
#2889000
0$
#2890000
0'
#2895000
1'
#2900000
0'
#2902500
1$
#2905000
1'
#2910000
0'
#2915000
1'
#2916000
0$
#2920000
0'
#2925000
1'
#2929500
1$
#2930000
0'
#2935000
1'
#2940000
0'
#2943000
0$
#2945000
1'
#2950000
0'
#2955000
1'
#2956500
1$
#2960000
0'
#2965000
1'
#2970000
b0 +
0'
0$
#2975000
1'
#2980000
0'
#2983500
1$
#2985000
1'
#2990000
0'
#2995000
1'
#2997000
b1 9
b1 <
1%
0$
#2998000
b1 +
#3000000
0'
#3005000
1'
#3010000
0'
#3010500
b111001101001101 #
b111001101001101 3
b111001101001101 5
b1 4
b1 8
b1 =
b11 9
b10 <
b1 >
b1 2
b1 ?
b1 @
1$
#3015000
b1 A
1'
#3020000
0'
#3024000
0$
#3025000
0H
b1 .
b1 B
b1 G
b10 +
1'
#3030000
0'
#3035000
0!
1'
#3037500
b11100000100 #
b11100000100 3
b11100000100 5
b10 4
b10 8
b10 =
b10 9
b11 <
b10 >
b11 2
b11 ?
b11 @
1$
#3040000
0'
#3045000
b11 A
1'
#3050000
0'
#3051000
0$
#3052000
b11 +
#3055000
b11 .
b11 B
b11 G
1'
#3060000
0'
#3064500
b1100010010001011 #
b1100010010001011 3
b1100010010001011 5
b11 4
b11 8
b11 =
b110 9
b100 <
b11 >
b10 2
b10 ?
b10 @
1$
#3065000
b10 A
1'
#3070000
0'
#3075000
b10 .
b10 B
b10 G
1'
#3078000
0$
#3079000
b100 +
#3080000
0'
#3085000
1'
#3090000
0'
#3091500
b11111100010101 #
b11111100010101 3
b11111100010101 5
b100 4
b100 8
b100 =
b111 9
b101 <
b100 >
b110 2
b110 ?
b110 @
1$
#3095000
b110 A
1'
#3100000
0'
#3105000
b110 .
b110 B
b110 G
1'
0$
#3106000
b101 +
#3110000
0'
#3115000
1'
#3118500
b1000011010110101 #
b1000011010110101 3
b1000011010110101 5
b101 4
b101 8
b101 =
b101 9
b110 <
b101 >
b111 2
b111 ?
b111 @
1$
#3120000
0'
#3125000
b111 A
1'
#3130000
0'
#3132000
0$
#3133000
b110 +
#3135000
b111 .
b111 B
b111 G
1'
#3140000
0'
#3145000
1'
#3145500
b10001110001010 #
b10001110001010 3
b10001110001010 5
b110 4
b110 8
b110 =
b100 9
b111 <
b110 >
b101 2
b101 ?
b101 @
1$
#3150000
0'
#3155000
b101 A
1'
#3159000
0$
#3160000
b111 +
0'
#3165000
b101 .
b101 B
b101 G
1'
#3170000
0'
#3172500
b110000111110 #
b110000111110 3
b110000111110 5
b111 4
b111 8
b111 =
b1100 9
b1000 <
b111 >
b100 2
b100 ?
b100 @
1$
#3175000
b100 A
1'
#3180000
0'
#3185000
b100 .
b100 B
b100 G
1'
#3186000
0$
#3187000
b1000 +
#3190000
0'
#3195000
1'
#3199500
b100011100010011 #
b100011100010011 3
b100011100010011 5
b1000 4
b1000 8
b1000 =
b1101 9
b1001 <
b1000 >
b1100 2
b1100 ?
b1100 @
1$
#3200000
0'
#3205000
b1100 A
1'
#3210000
0'
#3213000
0$
#3214000
b1001 +
#3215000
b1100 .
b1100 B
b1100 G
1'
#3220000
0'
#3225000
1'
#3226500
b101110101000100 #
b101110101000100 3
b101110101000100 5
b1001 4
b1001 8
b1001 =
b1111 9
b1010 <
b1001 >
b1101 2
b1101 ?
b1101 @
1$
#3230000
0'
#3235000
b1101 A
1'
#3240000
0'
0$
#3241000
b1010 +
#3245000
b1101 .
b1101 B
b1101 G
1'
#3250000
0'
#3253500
b1111010001101100 #
b1111010001101100 3
b1111010001101100 5
b1010 4
b1010 8
b1010 =
b1110 9
b1011 <
b1010 >
b1111 2
b1111 ?
b1111 @
1$
#3255000
b1111 A
1'
#3260000
0'
#3265000
b1111 .
b1111 B
b1111 G
1'
#3267000
0$
#3268000
b1011 +
#3270000
0'
#3275000
1'
#3280000
0'
#3280500
b11000111011 #
b11000111011 3
b11000111011 5
b1011 4
b1011 8
b1011 =
b1010 9
b1100 <
b1011 >
b1110 2
b1110 ?
b1110 @
1$
#3285000
b1110 A
1'
#3290000
0'
#3294000
0$
#3295000
b1110 .
b1110 B
b1110 G
b1100 +
1'
#3300000
0'
#3305000
1'
#3307500
b1001011010100101 #
b1001011010100101 3
b1001011010100101 5
b1100 4
b1100 8
b1100 =
b1011 9
b1101 <
b1100 >
b1010 2
b1010 ?
b1010 @
1$
#3310000
0'
#3315000
b1010 A
1'
#3320000
0'
#3321000
0$
#3322000
b1101 +
#3325000
b1010 .
b1010 B
b1010 G
1'
#3330000
0'
#3334500
b1100110101 #
b1100110101 3
b1100110101 5
b1101 4
b1101 8
b1101 =
b1001 9
b1110 <
b1101 >
b1011 2
b1011 ?
b1011 @
1$
#3335000
b1011 A
1'
#3340000
0'
#3345000
b1011 .
b1011 B
b1011 G
1'
#3348000
0$
#3349000
b1110 +
#3350000
0'
#3355000
1'
#3360000
0'
#3361500
b1010000110101 #
b1010000110101 3
b1010000110101 5
b1110 4
b1110 8
b1110 =
b1000 9
b1111 <
b1110 >
b1001 2
b1001 ?
b1001 @
1$
#3365000
b1001 A
1'
#3370000
0'
#3375000
b1001 .
b1001 B
b1001 G
1'
0$
#3376000
b1111 +
#3380000
0'
#3385000
1'
#3388500
b1001110011100011 #
b1001110011100011 3
b1001110011100011 5
b1111 4
b1111 8
b1111 =
b11000 9
b10000 <
b1111 >
b1000 2
b1000 ?
b1000 @
1$
#3390000
0'
#3395000
b1000 A
1'
#3400000
0'
#3402000
0$
#3403000
b10000 +
#3405000
b1000 .
b1000 B
b1000 G
1'
#3410000
0'
#3415000
1'
#3415500
b10111111011100 #
b10111111011100 3
b10111111011100 5
b10000 4
b10000 8
b10000 =
b11001 9
b10001 <
b10000 >
b11000 2
b11000 ?
b11000 @
1$
#3420000
0'
#3425000
b11000 A
1'
#3429000
0$
#3430000
b10001 +
0'
#3435000
b11000 .
b11000 B
b11000 G
1'
#3440000
0'
#3442500
b100010010111000 #
b100010010111000 3
b100010010111000 5
b10001 4
b10001 8
b10001 =
b11011 9
b10010 <
b10001 >
b11001 2
b11001 ?
b11001 @
1$
#3445000
b11001 A
1'
#3450000
0'
#3455000
b11001 .
b11001 B
b11001 G
1'
#3456000
0$
#3457000
b10010 +
#3460000
0'
#3465000
1'
#3469500
b1110000100000001 #
b1110000100000001 3
b1110000100000001 5
b10010 4
b10010 8
b10010 =
b11010 9
b10011 <
b10010 >
b11011 2
b11011 ?
b11011 @
1$
#3470000
0'
#3475000
b11011 A
1'
#3480000
0'
#3483000
0$
#3484000
b10011 +
#3485000
b11011 .
b11011 B
b11011 G
1'
#3490000
0'
#3495000
1'
#3496500
b111101001101000 #
b111101001101000 3
b111101001101000 5
b10011 4
b10011 8
b10011 =
b11110 9
b10100 <
b10011 >
b11010 2
b11010 ?
b11010 @
1$
#3500000
0'
#3505000
b11010 A
1'
#3510000
0'
0$
#3511000
b10100 +
#3515000
b11010 .
b11010 B
b11010 G
1'
#3520000
0'
#3523500
b1100011011110011 #
b1100011011110011 3
b1100011011110011 5
b10100 4
b10100 8
b10100 =
b11111 9
b10101 <
b10100 >
b11110 2
b11110 ?
b11110 @
1$
#3525000
b11110 A
1'
#3530000
0'
#3535000
b11110 .
b11110 B
b11110 G
1'
#3537000
0$
#3538000
b10101 +
#3540000
0'
#3545000
1'
#3550000
0'
#3550500
b1010101011010011 #
b1010101011010011 3
b1010101011010011 5
b10101 4
b10101 8
b10101 =
b11101 9
b10110 <
b10101 >
b11111 2
b11111 ?
b11111 @
1$
#3555000
b11111 A
1'
#3560000
0'
#3564000
0$
#3565000
b11111 .
b11111 B
b11111 G
b10110 +
1'
#3570000
0'
#3575000
1'
#3577500
b111010111100011 #
b111010111100011 3
b111010111100011 5
b10110 4
b10110 8
b10110 =
b11100 9
b10111 <
b10110 >
b11101 2
b11101 ?
b11101 @
1$
#3580000
0'
#3585000
b11101 A
1'
#3590000
0'
#3591000
0$
#3592000
b10111 +
#3595000
b11101 .
b11101 B
b11101 G
1'
#3600000
0'
#3604500
b110010010111 #
b110010010111 3
b110010010111 5
b10111 4
b10111 8
b10111 =
b10100 9
b11000 <
b10111 >
b11100 2
b11100 ?
b11100 @
1$
#3605000
b11100 A
1'
#3610000
0'
#3615000
b11100 .
b11100 B
b11100 G
1'
#3618000
0$
#3619000
b11000 +
#3620000
0'
#3625000
1'
#3630000
0'
#3631500
b1101110110011100 #
b1101110110011100 3
b1101110110011100 5
b11000 4
b11000 8
b11000 =
b10101 9
b11001 <
b11000 >
b10100 2
b10100 ?
b10100 @
1$
#3635000
b10100 A
1'
#3640000
0'
#3645000
b10100 .
b10100 B
b10100 G
1'
0$
#3646000
b11001 +
#3650000
0'
#3655000
1'
#3658500
b1000010110001000 #
b1000010110001000 3
b1000010110001000 5
b11001 4
b11001 8
b11001 =
b10111 9
b11010 <
b11001 >
b10101 2
b10101 ?
b10101 @
1$
#3660000
0'
#3665000
b10101 A
1'
#3670000
0'
#3672000
0$
#3673000
b11010 +
#3675000
b10101 .
b10101 B
b10101 G
1'
#3680000
0'
#3685000
1'
#3685500
b1010110110011010 #
b1010110110011010 3
b1010110110011010 5
b11010 4
b11010 8
b11010 =
b10110 9
b11011 <
b11010 >
b10111 2
b10111 ?
b10111 @
1$
#3690000
0'
#3695000
b10111 A
1'
#3699000
0$
#3700000
b11011 +
0'
#3705000
b10111 .
b10111 B
b10111 G
1'
#3710000
0'
#3712500
b1000000100110101 #
b1000000100110101 3
b1000000100110101 5
b11011 4
b11011 8
b11011 =
b10010 9
b11100 <
b11011 >
b10110 2
b10110 ?
b10110 @
1$
#3715000
b10110 A
1'
#3720000
0'
#3725000
b10110 .
b10110 B
b10110 G
1'
#3726000
0$
#3727000
b11100 +
#3730000
0'
#3735000
1'
#3739500
b1010110001010011 #
b1010110001010011 3
b1010110001010011 5
b11100 4
b11100 8
b11100 =
b10011 9
b11101 <
b11100 >
b10010 2
b10010 ?
b10010 @
1$
#3740000
0'
#3745000
b10010 A
1'
#3750000
0'
#3753000
0$
#3754000
b11101 +
#3755000
b10010 .
b10010 B
b10010 G
1'
#3760000
0'
#3765000
1'
#3766500
b1101111001000101 #
b1101111001000101 3
b1101111001000101 5
b11101 4
b11101 8
b11101 =
b10001 9
b11110 <
b11101 >
b10011 2
b10011 ?
b10011 @
1$
#3770000
0'
#3775000
b10011 A
1'
#3780000
0'
0$
#3781000
b11110 +
#3785000
b10011 .
b10011 B
b10011 G
1'
#3790000
0'
#3793500
b10001011011001 #
b10001011011001 3
b10001011011001 5
b11110 4
b11110 8
b11110 =
b10000 9
b11111 <
b11110 >
b10001 2
b10001 ?
b10001 @
1$
#3795000
b10001 A
1'
#3800000
0'
#3805000
b10001 .
b10001 B
b10001 G
1'
#3807000
0$
#3808000
b11111 +
#3810000
0'
#3815000
1'
#3820000
0'
#3820500
b1100001111000111 #
b1100001111000111 3
b1100001111000111 5
b11111 4
b11111 8
b11111 =
b110000 9
b100000 <
b11111 >
b10000 2
b10000 ?
b10000 @
1$
#3825000
b10000 A
1'
#3830000
0'
#3834000
0$
#3835000
b10000 .
b10000 B
b10000 G
b100000 +
1'
#3840000
0'
#3845000
1'
#3847500
b11001010100100 #
b11001010100100 3
b11001010100100 5
b100000 4
b100000 8
b100000 =
b110001 9
b100001 <
b100000 >
b110000 2
b110000 ?
b110000 @
1$
#3850000
0'
#3855000
b110000 A
1'
#3860000
0'
#3861000
0$
#3862000
b100001 +
#3865000
b110000 .
b110000 B
b110000 G
1'
#3870000
0'
#3874500
b1000000100110100 #
b1000000100110100 3
b1000000100110100 5
b100001 4
b100001 8
b100001 =
b110011 9
b100010 <
b100001 >
b110001 2
b110001 ?
b110001 @
1$
#3875000
b110001 A
1'
#3880000
0'
#3885000
b110001 .
b110001 B
b110001 G
1'
#3888000
0$
#3889000
b100010 +
#3890000
0'
#3895000
1'
#3900000
0'
#3901500
b11011111010110 #
b11011111010110 3
b11011111010110 5
b100010 4
b100010 8
b100010 =
b110010 9
b100011 <
b100010 >
b110011 2
b110011 ?
b110011 @
1$
#3905000
b110011 A
1'
#3910000
0'
#3915000
b110011 .
b110011 B
b110011 G
1'
0$
#3916000
b100011 +
#3920000
0'
#3925000
1'
#3928500
b111101100010111 #
b111101100010111 3
b111101100010111 5
b100011 4
b100011 8
b100011 =
b110110 9
b100100 <
b100011 >
b110010 2
b110010 ?
b110010 @
1$
#3930000
0'
#3935000
b110010 A
1'
#3940000
0'
#3942000
0$
#3943000
b100100 +
#3945000
b110010 .
b110010 B
b110010 G
1'
#3950000
0'
#3955000
1'
#3955500
b10100011110101 #
b10100011110101 3
b10100011110101 5
b100100 4
b100100 8
b100100 =
b110111 9
b100101 <
b100100 >
b110110 2
b110110 ?
b110110 @
1$
#3960000
0'
#3965000
b110110 A
1'
#3969000
0$
#3970000
b100101 +
0'
#3975000
b110110 .
b110110 B
b110110 G
1'
#3980000
0'
#3982500
b1111110110001110 #
b1111110110001110 3
b1111110110001110 5
b100101 4
b100101 8
b100101 =
b110101 9
b100110 <
b100101 >
b110111 2
b110111 ?
b110111 @
1$
#3985000
b110111 A
1'
#3990000
0'
#3995000
b110111 .
b110111 B
b110111 G
1'
#3996000
0$
#3997000
b100110 +
#4000000
0'
#4005000
1'
#4009500
b1011011 #
b1011011 3
b1011011 5
b100110 4
b100110 8
b100110 =
b110100 9
b100111 <
b100110 >
b110101 2
b110101 ?
b110101 @
1$
#4010000
0'
#4015000
b110101 A
1'
#4020000
0'
#4023000
0$
#4024000
b100111 +
#4025000
b110101 .
b110101 B
b110101 G
1'
#4030000
0'
#4035000
1'
#4036500
b1101001011001 #
b1101001011001 3
b1101001011001 5
b100111 4
b100111 8
b100111 =
b111100 9
b101000 <
b100111 >
b110100 2
b110100 ?
b110100 @
1$
#4040000
0'
#4045000
b110100 A
1'
#4050000
0'
0$
#4051000
b101000 +
#4055000
b110100 .
b110100 B
b110100 G
1'
#4060000
0'
#4063500
b111110100111 #
b111110100111 3
b111110100111 5
b101000 4
b101000 8
b101000 =
b111101 9
b101001 <
b101000 >
b111100 2
b111100 ?
b111100 @
1$
#4065000
b111100 A
1'
#4070000
0'
#4075000
b111100 .
b111100 B
b111100 G
1'
#4077000
0$
#4078000
b101001 +
#4080000
0'
#4085000
1'
#4090000
0'
#4090500
b1001100010000110 #
b1001100010000110 3
b1001100010000110 5
b101001 4
b101001 8
b101001 =
b111111 9
b101010 <
b101001 >
b111101 2
b111101 ?
b111101 @
1$
#4095000
b111101 A
1'
#4100000
0'
#4104000
0$
#4105000
b111101 .
b111101 B
b111101 G
b101010 +
1'
#4110000
0'
#4115000
1'
#4117500
b110000100000111 #
b110000100000111 3
b110000100000111 5
b101010 4
b101010 8
b101010 =
b111110 9
b101011 <
b101010 >
b111111 2
b111111 ?
b111111 @
1$
#4120000
0'
#4125000
b111111 A
1'
#4130000
0'
#4131000
0$
#4132000
b101011 +
#4135000
b111111 .
b111111 B
b111111 G
1'
#4140000
0'
#4144500
b1100100100111000 #
b1100100100111000 3
b1100100100111000 5
b101011 4
b101011 8
b101011 =
b111010 9
b101100 <
b101011 >
b111110 2
b111110 ?
b111110 @
1$
#4145000
b111110 A
1'
#4150000
0'
#4155000
b111110 .
b111110 B
b111110 G
1'
#4158000
0$
#4159000
b101100 +
#4160000
0'
#4165000
1'
#4170000
0'
#4171500
b1111100101100 #
b1111100101100 3
b1111100101100 5
b101100 4
b101100 8
b101100 =
b111011 9
b101101 <
b101100 >
b111010 2
b111010 ?
b111010 @
1$
#4175000
b111010 A
1'
#4180000
0'
#4185000
b111010 .
b111010 B
b111010 G
1'
0$
#4186000
b101101 +
#4190000
0'
#4195000
1'
#4198500
b110010111010110 #
b110010111010110 3
b110010111010110 5
b101101 4
b101101 8
b101101 =
b111001 9
b101110 <
b101101 >
b111011 2
b111011 ?
b111011 @
1$
#4200000
0'
#4205000
b111011 A
1'
#4210000
0'
#4212000
0$
#4213000
b101110 +
#4215000
b111011 .
b111011 B
b111011 G
1'
#4220000
0'
#4225000
1'
#4225500
b1110111000001011 #
b1110111000001011 3
b1110111000001011 5
b101110 4
b101110 8
b101110 =
b111000 9
b101111 <
b101110 >
b111001 2
b111001 ?
b111001 @
1$
#4230000
0'
#4235000
b111001 A
1'
#4239000
0$
#4240000
b101111 +
0'
#4245000
b111001 .
b111001 B
b111001 G
1'
#4250000
0'
#4252500
b111010110111100 #
b111010110111100 3
b111010110111100 5
b101111 4
b101111 8
b101111 =
b101000 9
b110000 <
b101111 >
b111000 2
b111000 ?
b111000 @
1$
#4255000
b111000 A
1'
#4260000
0'
#4265000
b111000 .
b111000 B
b111000 G
1'
#4266000
0$
#4267000
b110000 +
#4270000
0'
#4275000
1'
#4279500
b101001111110001 #
b101001111110001 3
b101001111110001 5
b110000 4
b110000 8
b110000 =
b101001 9
b110001 <
b110000 >
b101000 2
b101000 ?
b101000 @
1$
#4280000
0'
#4285000
b101000 A
1'
#4290000
0'
#4293000
0$
#4294000
b110001 +
#4295000
b101000 .
b101000 B
b101000 G
1'
#4300000
0'
#4305000
1'
#4306500
b10101010100000 #
b10101010100000 3
b10101010100000 5
b110001 4
b110001 8
b110001 =
b101011 9
b110010 <
b110001 >
b101001 2
b101001 ?
b101001 @
1$
#4310000
0'
#4315000
b101001 A
1'
#4320000
0'
0$
#4321000
b110010 +
#4325000
b101001 .
b101001 B
b101001 G
1'
#4330000
0'
#4333500
b100100000001 #
b100100000001 3
b100100000001 5
b110010 4
b110010 8
b110010 =
b101010 9
b110011 <
b110010 >
b101011 2
b101011 ?
b101011 @
1$
#4335000
b101011 A
1'
#4340000
0'
#4345000
b101011 .
b101011 B
b101011 G
1'
#4347000
0$
#4348000
b110011 +
#4350000
0'
#4355000
1'
#4360000
0'
#4360500
b1100100000111100 #
b1100100000111100 3
b1100100000111100 5
b110011 4
b110011 8
b110011 =
b101110 9
b110100 <
b110011 >
b101010 2
b101010 ?
b101010 @
1$
#4365000
b101010 A
1'
#4370000
0'
#4374000
0$
#4375000
b101010 .
b101010 B
b101010 G
b110100 +
1'
#4380000
0'
#4385000
1'
#4387500
b110100010010110 #
b110100010010110 3
b110100010010110 5
b110100 4
b110100 8
b110100 =
b101111 9
b110101 <
b110100 >
b101110 2
b101110 ?
b101110 @
1$
#4390000
0'
#4395000
b101110 A
1'
#4400000
0'
#4401000
0$
#4402000
b110101 +
#4405000
b101110 .
b101110 B
b101110 G
1'
#4410000
0'
#4414500
b111100010100010 #
b111100010100010 3
b111100010100010 5
b110101 4
b110101 8
b110101 =
b101101 9
b110110 <
b110101 >
b101111 2
b101111 ?
b101111 @
1$
#4415000
b101111 A
1'
#4420000
0'
#4425000
b101111 .
b101111 B
b101111 G
1'
#4428000
0$
#4429000
b110110 +
#4430000
0'
#4435000
1'
#4440000
0'
#4441500
b1100101100101100 #
b1100101100101100 3
b1100101100101100 5
b110110 4
b110110 8
b110110 =
b101100 9
b110111 <
b110110 >
b101101 2
b101101 ?
b101101 @
1$
#4445000
b101101 A
1'
#4450000
0'
#4455000
b101101 .
b101101 B
b101101 G
1'
0$
#4456000
b110111 +
#4460000
0'
#4465000
1'
#4468500
b11001101011111 #
b11001101011111 3
b11001101011111 5
b110111 4
b110111 8
b110111 =
b100100 9
b111000 <
b110111 >
b101100 2
b101100 ?
b101100 @
1$
#4470000
0'
#4475000
b101100 A
1'
#4480000
0'
#4482000
0$
#4483000
b111000 +
#4485000
b101100 .
b101100 B
b101100 G
1'
#4490000
0'
#4495000
1'
#4495500
b1101110001111111 #
b1101110001111111 3
b1101110001111111 5
b111000 4
b111000 8
b111000 =
b100101 9
b111001 <
b111000 >
b100100 2
b100100 ?
b100100 @
1$
#4500000
0'
#4505000
b100100 A
1'
#4509000
0$
#4510000
b111001 +
0'
#4515000
b100100 .
b100100 B
b100100 G
1'
#4520000
0'
#4522500
b1001100101100101 #
b1001100101100101 3
b1001100101100101 5
b111001 4
b111001 8
b111001 =
b100111 9
b111010 <
b111001 >
b100101 2
b100101 ?
b100101 @
1$
#4525000
b100101 A
1'
#4530000
0'
#4535000
b100101 .
b100101 B
b100101 G
1'
#4536000
0$
#4537000
b111010 +
#4540000
0'
#4545000
1'
#4549500
b1000011001011 #
b1000011001011 3
b1000011001011 5
b111010 4
b111010 8
b111010 =
b100110 9
b111011 <
b111010 >
b100111 2
b100111 ?
b100111 @
1$
#4550000
0'
#4555000
b100111 A
1'
#4560000
0'
#4563000
0$
#4564000
b111011 +
#4565000
b100111 .
b100111 B
b100111 G
1'
#4570000
0'
#4575000
1'
#4576500
b1101110101100001 #
b1101110101100001 3
b1101110101100001 5
b111011 4
b111011 8
b111011 =
b100010 9
b111100 <
b111011 >
b100110 2
b100110 ?
b100110 @
1$
#4580000
0'
#4585000
b100110 A
1'
#4590000
0'
0$
#4591000
b111100 +
#4595000
b100110 .
b100110 B
b100110 G
1'
#4600000
0'
#4603500
b1110101000011110 #
b1110101000011110 3
b1110101000011110 5
b111100 4
b111100 8
b111100 =
b100011 9
b111101 <
b111100 >
b100010 2
b100010 ?
b100010 @
1$
#4605000
b100010 A
1'
#4610000
0'
#4615000
b100010 .
b100010 B
b100010 G
1'
#4617000
0$
#4618000
b111101 +
#4620000
0'
#4625000
1'
#4630000
0'
#4630500
b1001011001110111 #
b1001011001110111 3
b1001011001110111 5
b111101 4
b111101 8
b111101 =
b100001 9
b111110 <
b111101 >
b100011 2
b100011 ?
b100011 @
1$
#4635000
b100011 A
1'
#4640000
0'
#4644000
0$
#4645000
b100011 .
b100011 B
b100011 G
b111110 +
1'
#4650000
0'
#4655000
1'
#4657500
b111010110111101 #
b111010110111101 3
b111010110111101 5
b111110 4
b111110 8
b111110 =
b100000 9
b111111 <
b111110 >
b100001 2
b100001 ?
b100001 @
1$
#4660000
0'
#4665000
b100001 A
1'
#4670000
0'
#4671000
0$
#4672000
b111111 +
#4675000
b100001 .
b100001 B
b100001 G
1'
#4680000
0'
#4684500
b1011001110000011 #
b1011001110000011 3
b1011001110000011 5
b111111 4
b111111 8
b111111 =
b1100000 9
b1000000 <
b111111 >
b100000 2
b100000 ?
b100000 @
1$
#4685000
b100000 A
1'
#4690000
0'
#4695000
b100000 .
b100000 B
b100000 G
1'
#4698000
0$
#4699000
b1000000 +
#4700000
0'
#4705000
1'
#4710000
0'
#4711500
b1000111111111001 #
b1000111111111001 3
b1000111111111001 5
b1000000 4
b1000000 8
b1000000 =
b1100001 9
b1000001 <
b1000000 >
b1100000 2
b1100000 ?
b1100000 @
1$
#4715000
b1100000 A
1'
#4720000
0'
#4725000
b1100000 .
b1100000 B
b1100000 G
1'
0$
#4726000
b1000001 +
#4730000
0'
#4735000
1'
#4738500
b100000101001000 #
b100000101001000 3
b100000101001000 5
b1000001 4
b1000001 8
b1000001 =
b1100011 9
b1000010 <
b1000001 >
b1100001 2
b1100001 ?
b1100001 @
1$
#4740000
0'
#4745000
b1100001 A
1'
#4750000
0'
#4752000
0$
#4753000
b1000010 +
#4755000
b1100001 .
b1100001 B
b1100001 G
1'
#4760000
0'
#4765000
1'
#4765500
b101011100101101 #
b101011100101101 3
b101011100101101 5
b1000010 4
b1000010 8
b1000010 =
b1100010 9
b1000011 <
b1000010 >
b1100011 2
b1100011 ?
b1100011 @
1$
#4770000
0'
#4775000
b1100011 A
1'
#4779000
0$
#4780000
b1000011 +
0'
#4785000
b1100011 .
b1100011 B
b1100011 G
1'
#4790000
0'
#4792500
b110001000000011 #
b110001000000011 3
b110001000000011 5
b1000011 4
b1000011 8
b1000011 =
b1100110 9
b1000100 <
b1000011 >
b1100010 2
b1100010 ?
b1100010 @
1$
#4795000
b1100010 A
1'
#4800000
0'
#4805000
b1100010 .
b1100010 B
b1100010 G
1'
#4806000
0$
#4807000
b1000100 +
#4810000
0'
#4815000
1'
#4819500
b1000010011101011 #
b1000010011101011 3
b1000010011101011 5
b1000100 4
b1000100 8
b1000100 =
b1100111 9
b1000101 <
b1000100 >
b1100110 2
b1100110 ?
b1100110 @
1$
#4820000
0'
#4825000
b1100110 A
1'
#4830000
0'
#4833000
0$
#4834000
b1000101 +
#4835000
b1100110 .
b1100110 B
b1100110 G
1'
#4840000
0'
#4845000
1'
#4846500
b10000011001100 #
b10000011001100 3
b10000011001100 5
b1000101 4
b1000101 8
b1000101 =
b1100101 9
b1000110 <
b1000101 >
b1100111 2
b1100111 ?
b1100111 @
1$
#4850000
0'
#4855000
b1100111 A
1'
#4860000
0'
0$
#4861000
b1000110 +
#4865000
b1100111 .
b1100111 B
b1100111 G
1'
#4870000
0'
#4873500
b1100111101111010 #
b1100111101111010 3
b1100111101111010 5
b1000110 4
b1000110 8
b1000110 =
b1100100 9
b1000111 <
b1000110 >
b1100101 2
b1100101 ?
b1100101 @
1$
#4875000
b1100101 A
1'
#4880000
0'
#4885000
b1100101 .
b1100101 B
b1100101 G
1'
#4887000
0$
#4888000
b1000111 +
#4890000
0'
#4895000
1'
#4900000
0'
#4900500
b101011001101010 #
b101011001101010 3
b101011001101010 5
b1000111 4
b1000111 8
b1000111 =
b1101100 9
b1001000 <
b1000111 >
b1100100 2
b1100100 ?
b1100100 @
1$
#4905000
b1100100 A
1'
#4910000
0'
#4914000
0$
#4915000
b1100100 .
b1100100 B
b1100100 G
b1001000 +
1'
#4920000
0'
#4925000
1'
#4927500
b100100110000100 #
b100100110000100 3
b100100110000100 5
b1001000 4
b1001000 8
b1001000 =
b1101101 9
b1001001 <
b1001000 >
b1101100 2
b1101100 ?
b1101100 @
1$
#4930000
0'
#4935000
b1101100 A
1'
#4940000
0'
#4941000
0$
#4942000
b1001001 +
#4945000
b1101100 .
b1101100 B
b1101100 G
1'
#4950000
0'
#4954500
b1000010001101111 #
b1000010001101111 3
b1000010001101111 5
b1001001 4
b1001001 8
b1001001 =
b1101111 9
b1001010 <
b1001001 >
b1101101 2
b1101101 ?
b1101101 @
1$
#4955000
b1101101 A
1'
#4960000
0'
#4965000
b1101101 .
b1101101 B
b1101101 G
1'
#4968000
0$
#4969000
b1001010 +
#4970000
0'
#4975000
1'
#4980000
0'
#4981500
b1011110100011110 #
b1011110100011110 3
b1011110100011110 5
b1001010 4
b1001010 8
b1001010 =
b1101110 9
b1001011 <
b1001010 >
b1101111 2
b1101111 ?
b1101111 @
1$
#4985000
b1101111 A
1'
#4990000
0'
#4995000
b1101111 .
b1101111 B
b1101111 G
1'
0$
#4996000
b1001011 +
#5000000
0'
#5005000
1'
#5008500
b1011101110000011 #
b1011101110000011 3
b1011101110000011 5
b1001011 4
b1001011 8
b1001011 =
b1101010 9
b1001100 <
b1001011 >
b1101110 2
b1101110 ?
b1101110 @
1$
#5010000
0'
#5015000
b1101110 A
1'
#5020000
0'
#5022000
0$
#5023000
b1001100 +
#5025000
b1101110 .
b1101110 B
b1101110 G
1'
#5030000
0'
#5035000
1'
#5035500
b1010000011111 #
b1010000011111 3
b1010000011111 5
b1001100 4
b1001100 8
b1001100 =
b1101011 9
b1001101 <
b1001100 >
b1101010 2
b1101010 ?
b1101010 @
1$
#5040000
0'
#5045000
b1101010 A
1'
#5049000
0$
#5050000
b1001101 +
0'
#5055000
b1101010 .
b1101010 B
b1101010 G
1'
#5060000
0'
#5062500
b111011101101110 #
b111011101101110 3
b111011101101110 5
b1001101 4
b1001101 8
b1001101 =
b1101001 9
b1001110 <
b1001101 >
b1101011 2
b1101011 ?
b1101011 @
1$
#5065000
b1101011 A
1'
#5070000
0'
#5075000
b1101011 .
b1101011 B
b1101011 G
1'
#5076000
0$
#5077000
b1001110 +
#5080000
0'
#5085000
1'
#5089500
b1011100010111010 #
b1011100010111010 3
b1011100010111010 5
b1001110 4
b1001110 8
b1001110 =
b1101000 9
b1001111 <
b1001110 >
b1101001 2
b1101001 ?
b1101001 @
1$
#5090000
0'
#5095000
b1101001 A
1'
#5100000
0'
#5103000
0$
#5104000
b1001111 +
#5105000
b1101001 .
b1101001 B
b1101001 G
1'
#5110000
0'
#5115000
1'
#5116500
b111110111101111 #
b111110111101111 3
b111110111101111 5
b1001111 4
b1001111 8
b1001111 =
b1111000 9
b1010000 <
b1001111 >
b1101000 2
b1101000 ?
b1101000 @
1$
#5120000
0'
#5125000
b1101000 A
1'
#5130000
0'
0$
#5131000
b1010000 +
#5135000
b1101000 .
b1101000 B
b1101000 G
1'
#5140000
0'
#5143500
b1110011001111100 #
b1110011001111100 3
b1110011001111100 5
b1010000 4
b1010000 8
b1010000 =
b1111001 9
b1010001 <
b1010000 >
b1111000 2
b1111000 ?
b1111000 @
1$
#5145000
b1111000 A
1'
#5150000
0'
#5155000
b1111000 .
b1111000 B
b1111000 G
1'
#5157000
0$
#5158000
b1010001 +
#5160000
0'
#5165000
1'
#5170000
0'
#5170500
b1100001101000110 #
b1100001101000110 3
b1100001101000110 5
b1010001 4
b1010001 8
b1010001 =
b1111011 9
b1010010 <
b1010001 >
b1111001 2
b1111001 ?
b1111001 @
1$
#5175000
b1111001 A
1'
#5180000
0'
#5184000
0$
#5185000
b1111001 .
b1111001 B
b1111001 G
b1010010 +
1'
#5190000
0'
#5195000
1'
#5197500
b10000000010101 #
b10000000010101 3
b10000000010101 5
b1010010 4
b1010010 8
b1010010 =
b1111010 9
b1010011 <
b1010010 >
b1111011 2
b1111011 ?
b1111011 @
1$
#5200000
0'
#5205000
b1111011 A
1'
#5210000
0'
#5211000
0$
#5212000
b1010011 +
#5215000
b1111011 .
b1111011 B
b1111011 G
1'
#5220000
0'
#5224500
b100011110000100 #
b100011110000100 3
b100011110000100 5
b1010011 4
b1010011 8
b1010011 =
b1111110 9
b1010100 <
b1010011 >
b1111010 2
b1111010 ?
b1111010 @
1$
#5225000
b1111010 A
1'
#5230000
0'
#5235000
b1111010 .
b1111010 B
b1111010 G
1'
#5238000
0$
#5239000
b1010100 +
#5240000
0'
#5245000
1'
#5250000
0'
#5251500
b111110110000100 #
b111110110000100 3
b111110110000100 5
b1010100 4
b1010100 8
b1010100 =
b1111111 9
b1010101 <
b1010100 >
b1111110 2
b1111110 ?
b1111110 @
1$
#5255000
b1111110 A
1'
#5260000
0'
#5265000
b1111110 .
b1111110 B
b1111110 G
1'
0$
#5266000
b1010101 +
#5270000
0'
#5275000
1'
#5278500
b1111011100110010 #
b1111011100110010 3
b1111011100110010 5
b1010101 4
b1010101 8
b1010101 =
b1111101 9
b1010110 <
b1010101 >
b1111111 2
b1111111 ?
b1111111 @
1$
#5280000
0'
#5285000
b1111111 A
1'
#5290000
0'
#5292000
0$
#5293000
b1010110 +
#5295000
b1111111 .
b1111111 B
b1111111 G
1'
#5300000
0'
#5305000
1'
#5305500
b1000100101111 #
b1000100101111 3
b1000100101111 5
b1010110 4
b1010110 8
b1010110 =
b1111100 9
b1010111 <
b1010110 >
b1111101 2
b1111101 ?
b1111101 @
1$
#5310000
0'
#5315000
b1111101 A
1'
#5319000
0$
#5320000
b1010111 +
0'
#5325000
b1111101 .
b1111101 B
b1111101 G
1'
#5330000
0'
#5332500
b1000011101111000 #
b1000011101111000 3
b1000011101111000 5
b1010111 4
b1010111 8
b1010111 =
b1110100 9
b1011000 <
b1010111 >
b1111100 2
b1111100 ?
b1111100 @
1$
#5335000
b1111100 A
1'
#5340000
0'
#5345000
b1111100 .
b1111100 B
b1111100 G
1'
#5346000
0$
#5347000
b1011000 +
#5350000
0'
#5355000
1'
#5359500
b100111100001001 #
b100111100001001 3
b100111100001001 5
b1011000 4
b1011000 8
b1011000 =
b1110101 9
b1011001 <
b1011000 >
b1110100 2
b1110100 ?
b1110100 @
1$
#5360000
0'
#5365000
b1110100 A
1'
#5370000
0'
#5373000
0$
#5374000
b1011001 +
#5375000
b1110100 .
b1110100 B
b1110100 G
1'
#5380000
0'
#5385000
1'
#5386500
b101110001100111 #
b101110001100111 3
b101110001100111 5
b1011001 4
b1011001 8
b1011001 =
b1110111 9
b1011010 <
b1011001 >
b1110101 2
b1110101 ?
b1110101 @
1$
#5390000
0'
#5395000
b1110101 A
1'
#5400000
0'
0$
#5401000
b1011010 +
#5405000
b1110101 .
b1110101 B
b1110101 G
1'
#5410000
0'
#5413500
b110010000110110 #
b110010000110110 3
b110010000110110 5
b1011010 4
b1011010 8
b1011010 =
b1110110 9
b1011011 <
b1011010 >
b1110111 2
b1110111 ?
b1110111 @
1$
#5415000
b1110111 A
1'
#5420000
0'
#5425000
b1110111 .
b1110111 B
b1110111 G
1'
#5427000
0$
#5428000
b1011011 +
#5430000
0'
#5435000
1'
#5440000
0'
#5440500
b110011010010001 #
b110011010010001 3
b110011010010001 5
b1011011 4
b1011011 8
b1011011 =
b1110010 9
b1011100 <
b1011011 >
b1110110 2
b1110110 ?
b1110110 @
1$
#5445000
b1110110 A
1'
#5450000
0'
#5454000
0$
#5455000
b1110110 .
b1110110 B
b1110110 G
b1011100 +
1'
#5460000
0'
#5465000
1'
#5467500
b1001101100010001 #
b1001101100010001 3
b1001101100010001 5
b1011100 4
b1011100 8
b1011100 =
b1110011 9
b1011101 <
b1011100 >
b1110010 2
b1110010 ?
b1110010 @
1$
#5470000
0'
#5475000
b1110010 A
1'
#5480000
0'
#5481000
0$
#5482000
b1011101 +
#5485000
b1110010 .
b1110010 B
b1110010 G
1'
#5490000
0'
#5494500
b10111 #
b10111 3
b10111 5
b1011101 4
b1011101 8
b1011101 =
b1110001 9
b1011110 <
b1011101 >
b1110011 2
b1110011 ?
b1110011 @
1$
#5495000
b1110011 A
1'
#5500000
0'
#5505000
b1110011 .
b1110011 B
b1110011 G
1'
#5508000
0$
#5509000
b1011110 +
#5510000
0'
#5515000
1'
#5520000
0'
#5521500
b1011011010000100 #
b1011011010000100 3
b1011011010000100 5
b1011110 4
b1011110 8
b1011110 =
b1110000 9
b1011111 <
b1011110 >
b1110001 2
b1110001 ?
b1110001 @
1$
#5525000
b1110001 A
1'
#5530000
0'
#5535000
b1110001 .
b1110001 B
b1110001 G
1'
0$
#5536000
b1011111 +
#5540000
0'
#5545000
1'
#5548500
b1101001001000110 #
b1101001001000110 3
b1101001001000110 5
b1011111 4
b1011111 8
b1011111 =
b1010000 9
b1100000 <
b1011111 >
b1110000 2
b1110000 ?
b1110000 @
1$
#5550000
0'
#5555000
b1110000 A
1'
#5560000
0'
#5562000
0$
#5563000
b1100000 +
#5565000
b1110000 .
b1110000 B
b1110000 G
1'
#5570000
0'
#5575000
1'
#5575500
b101110110011001 #
b101110110011001 3
b101110110011001 5
b1100000 4
b1100000 8
b1100000 =
b1010001 9
b1100001 <
b1100000 >
b1010000 2
b1010000 ?
b1010000 @
1$
#5580000
0'
#5585000
b1010000 A
1'
#5589000
0$
#5590000
b1100001 +
0'
#5595000
b1010000 .
b1010000 B
b1010000 G
1'
#5600000
0'
#5602500
b1011000111100011 #
b1011000111100011 3
b1011000111100011 5
b1100001 4
b1100001 8
b1100001 =
b1010011 9
b1100010 <
b1100001 >
b1010001 2
b1010001 ?
b1010001 @
1$
#5605000
b1010001 A
1'
#5610000
0'
#5615000
b1010001 .
b1010001 B
b1010001 G
1'
#5616000
0$
#5617000
b1100010 +
#5620000
0'
#5625000
1'
#5629500
b110011001100100 #
b110011001100100 3
b110011001100100 5
b1100010 4
b1100010 8
b1100010 =
b1010010 9
b1100011 <
b1100010 >
b1010011 2
b1010011 ?
b1010011 @
1$
#5630000
0'
#5635000
b1010011 A
1'
#5640000
0'
#5643000
0$
#5644000
b1100011 +
#5645000
b1010011 .
b1010011 B
b1010011 G
1'
#5650000
0'
#5655000
1'
#5656500
b111100100011111 #
b111100100011111 3
b111100100011111 5
b1100011 4
b1100011 8
b1100011 =
b1010110 9
b1100100 <
b1100011 >
b1010010 2
b1010010 ?
b1010010 @
1$
#5660000
0'
#5665000
b1010010 A
1'
#5670000
0'
0$
#5671000
b1100100 +
#5675000
b1010010 .
b1010010 B
b1010010 G
1'
#5680000
0'
#5683500
b100111101001111 #
b100111101001111 3
b100111101001111 5
b1100100 4
b1100100 8
b1100100 =
b1010111 9
b1100101 <
b1100100 >
b1010110 2
b1010110 ?
b1010110 @
1$
#5685000
b1010110 A
1'
#5690000
0'
#5695000
b1010110 .
b1010110 B
b1010110 G
1'
#5697000
0$
#5698000
b1100101 +
#5700000
0'
#5705000
1'
#5710000
0'
#5710500
b1111011010111110 #
b1111011010111110 3
b1111011010111110 5
b1100101 4
b1100101 8
b1100101 =
b1010101 9
b1100110 <
b1100101 >
b1010111 2
b1010111 ?
b1010111 @
1$
#5715000
b1010111 A
1'
#5720000
0'
#5724000
0$
#5725000
b1010111 .
b1010111 B
b1010111 G
b1100110 +
1'
#5730000
0'
#5735000
1'
#5737500
b1000110011011100 #
b1000110011011100 3
b1000110011011100 5
b1100110 4
b1100110 8
b1100110 =
b1010100 9
b1100111 <
b1100110 >
b1010101 2
b1010101 ?
b1010101 @
1$
#5740000
0'
#5745000
b1010101 A
1'
#5750000
0'
#5751000
0$
#5752000
b1100111 +
#5755000
b1010101 .
b1010101 B
b1010101 G
1'
#5760000
0'
#5764500
b1100001000101011 #
b1100001000101011 3
b1100001000101011 5
b1100111 4
b1100111 8
b1100111 =
b1011100 9
b1101000 <
b1100111 >
b1010100 2
b1010100 ?
b1010100 @
1$
#5765000
b1010100 A
1'
#5770000
0'
#5775000
b1010100 .
b1010100 B
b1010100 G
1'
#5778000
0$
#5779000
b1101000 +
#5780000
0'
#5785000
1'
#5790000
0'
#5791500
b1111000100110100 #
b1111000100110100 3
b1111000100110100 5
b1101000 4
b1101000 8
b1101000 =
b1011101 9
b1101001 <
b1101000 >
b1011100 2
b1011100 ?
b1011100 @
1$
#5795000
b1011100 A
1'
#5800000
0'
#5805000
b1011100 .
b1011100 B
b1011100 G
1'
0$
#5806000
b1101001 +
#5810000
0'
#5815000
1'
#5818500
b10000111110000 #
b10000111110000 3
b10000111110000 5
b1101001 4
b1101001 8
b1101001 =
b1011111 9
b1101010 <
b1101001 >
b1011101 2
b1011101 ?
b1011101 @
1$
#5820000
0'
#5825000
b1011101 A
1'
#5830000
0'
#5832000
0$
#5833000
b1101010 +
#5835000
b1011101 .
b1011101 B
b1011101 G
1'
#5840000
0'
#5845000
1'
#5845500
b100000101010 #
b100000101010 3
b100000101010 5
b1101010 4
b1101010 8
b1101010 =
b1011110 9
b1101011 <
b1101010 >
b1011111 2
b1011111 ?
b1011111 @
1$
#5850000
0'
#5855000
b1011111 A
1'
#5859000
0$
#5860000
b1101011 +
0'
#5865000
b1011111 .
b1011111 B
b1011111 G
1'
#5870000
0'
#5872500
b1101110011110001 #
b1101110011110001 3
b1101110011110001 5
b1101011 4
b1101011 8
b1101011 =
b1011010 9
b1101100 <
b1101011 >
b1011110 2
b1011110 ?
b1011110 @
1$
#5875000
b1011110 A
1'
#5880000
0'
#5885000
b1011110 .
b1011110 B
b1011110 G
1'
#5886000
0$
#5887000
b1101100 +
#5890000
0'
#5895000
1'
#5899500
b111101010100011 #
b111101010100011 3
b111101010100011 5
b1101100 4
b1101100 8
b1101100 =
b1011011 9
b1101101 <
b1101100 >
b1011010 2
b1011010 ?
b1011010 @
1$
#5900000
0'
#5905000
b1011010 A
1'
#5910000
0'
#5913000
0$
#5914000
b1101101 +
#5915000
b1011010 .
b1011010 B
b1011010 G
1'
#5920000
0'
#5925000
1'
#5926500
b11011101000011 #
b11011101000011 3
b11011101000011 5
b1101101 4
b1101101 8
b1101101 =
b1011001 9
b1101110 <
b1101101 >
b1011011 2
b1011011 ?
b1011011 @
1$
#5930000
0'
#5935000
b1011011 A
1'
#5940000
0'
0$
#5941000
b1101110 +
#5945000
b1011011 .
b1011011 B
b1011011 G
1'
#5950000
0'
#5953500
b111001100110011 #
b111001100110011 3
b111001100110011 5
b1101110 4
b1101110 8
b1101110 =
b1011000 9
b1101111 <
b1101110 >
b1011001 2
b1011001 ?
b1011001 @
1$
#5955000
b1011001 A
1'
#5960000
0'
#5965000
b1011001 .
b1011001 B
b1011001 G
1'
#5967000
0$
#5968000
b1101111 +
#5970000
0'
#5975000
1'
#5980000
0'
#5980500
b1011010010011101 #
b1011010010011101 3
b1011010010011101 5
b1101111 4
b1101111 8
b1101111 =
b1001000 9
b1110000 <
b1101111 >
b1011000 2
b1011000 ?
b1011000 @
1$
#5985000
b1011000 A
1'
#5990000
0'
#5994000
0$
#5995000
b1011000 .
b1011000 B
b1011000 G
b1110000 +
1'
#6000000
0'
#6005000
1'
#6007500
b1110110010110101 #
b1110110010110101 3
b1110110010110101 5
b1110000 4
b1110000 8
b1110000 =
b1001001 9
b1110001 <
b1110000 >
b1001000 2
b1001000 ?
b1001000 @
1$
#6010000
0'
#6015000
b1001000 A
1'
#6020000
0'
#6021000
0$
#6022000
b1110001 +
#6025000
b1001000 .
b1001000 B
b1001000 G
1'
#6030000
0'
#6034500
b101011110011 #
b101011110011 3
b101011110011 5
b1110001 4
b1110001 8
b1110001 =
b1001011 9
b1110010 <
b1110001 >
b1001001 2
b1001001 ?
b1001001 @
1$
#6035000
b1001001 A
1'
#6040000
0'
#6045000
b1001001 .
b1001001 B
b1001001 G
1'
#6048000
0$
#6049000
b1110010 +
#6050000
0'
#6055000
1'
#6060000
0'
#6061500
b10100110010011 #
b10100110010011 3
b10100110010011 5
b1110010 4
b1110010 8
b1110010 =
b1001010 9
b1110011 <
b1110010 >
b1001011 2
b1001011 ?
b1001011 @
1$
#6065000
b1001011 A
1'
#6070000
0'
#6075000
b1001011 .
b1001011 B
b1001011 G
1'
0$
#6076000
b1110011 +
#6080000
0'
#6085000
1'
#6088500
b1111010011011100 #
b1111010011011100 3
b1111010011011100 5
b1110011 4
b1110011 8
b1110011 =
b1001110 9
b1110100 <
b1110011 >
b1001010 2
b1001010 ?
b1001010 @
1$
#6090000
0'
#6095000
b1001010 A
1'
#6100000
0'
#6102000
0$
#6103000
b1110100 +
#6105000
b1001010 .
b1001010 B
b1001010 G
1'
#6110000
0'
#6115000
1'
#6115500
b1111111101110011 #
b1111111101110011 3
b1111111101110011 5
b1110100 4
b1110100 8
b1110100 =
b1001111 9
b1110101 <
b1110100 >
b1001110 2
b1001110 ?
b1001110 @
1$
#6120000
0'
#6125000
b1001110 A
1'
#6129000
0$
#6130000
b1110101 +
0'
#6135000
b1001110 .
b1001110 B
b1001110 G
1'
#6140000
0'
#6142500
b10001101111110 #
b10001101111110 3
b10001101111110 5
b1110101 4
b1110101 8
b1110101 =
b1001101 9
b1110110 <
b1110101 >
b1001111 2
b1001111 ?
b1001111 @
1$
#6145000
b1001111 A
1'
#6150000
0'
#6155000
b1001111 .
b1001111 B
b1001111 G
1'
#6156000
0$
#6157000
b1110110 +
#6160000
0'
#6165000
1'
#6169500
b100011110011010 #
b100011110011010 3
b100011110011010 5
b1110110 4
b1110110 8
b1110110 =
b1001100 9
b1110111 <
b1110110 >
b1001101 2
b1001101 ?
b1001101 @
1$
#6170000
0'
#6175000
b1001101 A
1'
#6180000
0'
#6183000
0$
#6184000
b1110111 +
#6185000
b1001101 .
b1001101 B
b1001101 G
1'
#6190000
0'
#6195000
1'
#6196500
b101000100111 #
b101000100111 3
b101000100111 5
b1110111 4
b1110111 8
b1110111 =
b1000100 9
b1111000 <
b1110111 >
b1001100 2
b1001100 ?
b1001100 @
1$
#6200000
0'
#6205000
b1001100 A
1'
#6210000
0'
0$
#6211000
b1111000 +
#6215000
b1001100 .
b1001100 B
b1001100 G
1'
#6220000
0'
#6223500
b10111011011111 #
b10111011011111 3
b10111011011111 5
b1111000 4
b1111000 8
b1111000 =
b1000101 9
b1111001 <
b1111000 >
b1000100 2
b1000100 ?
b1000100 @
1$
#6225000
b1000100 A
1'
#6230000
0'
#6235000
b1000100 .
b1000100 B
b1000100 G
1'
#6237000
0$
#6238000
b1111001 +
#6240000
0'
#6245000
1'
#6250000
0'
#6250500
b1100111011101011 #
b1100111011101011 3
b1100111011101011 5
b1111001 4
b1111001 8
b1111001 =
b1000111 9
b1111010 <
b1111001 >
b1000101 2
b1000101 ?
b1000101 @
1$
#6255000
b1000101 A
1'
#6260000
0'
#6264000
0$
#6265000
b1000101 .
b1000101 B
b1000101 G
b1111010 +
1'
#6270000
0'
#6275000
1'
#6277500
b1010011011010001 #
b1010011011010001 3
b1010011011010001 5
b1111010 4
b1111010 8
b1111010 =
b1000110 9
b1111011 <
b1111010 >
b1000111 2
b1000111 ?
b1000111 @
1$
#6280000
0'
#6285000
b1000111 A
1'
#6290000
0'
#6291000
0$
#6292000
b1111011 +
#6295000
b1000111 .
b1000111 B
b1000111 G
1'
#6300000
0'
#6304500
b10000011100111 #
b10000011100111 3
b10000011100111 5
b1111011 4
b1111011 8
b1111011 =
b1000010 9
b1111100 <
b1111011 >
b1000110 2
b1000110 ?
b1000110 @
1$
#6305000
b1000110 A
1'
#6310000
0'
#6315000
b1000110 .
b1000110 B
b1000110 G
1'
#6318000
0$
#6319000
b1111100 +
#6320000
0'
#6325000
1'
#6330000
0'
#6331500
b1011100100101111 #
b1011100100101111 3
b1011100100101111 5
b1111100 4
b1111100 8
b1111100 =
b1000011 9
b1111101 <
b1111100 >
b1000010 2
b1000010 ?
b1000010 @
1$
#6335000
b1000010 A
1'
#6340000
0'
#6345000
b1000010 .
b1000010 B
b1000010 G
1'
0$
#6346000
b1111101 +
#6350000
0'
#6355000
1'
#6358500
b1101010011000 #
b1101010011000 3
b1101010011000 5
b1111101 4
b1111101 8
b1111101 =
b1000001 9
b1111110 <
b1111101 >
b1000011 2
b1000011 ?
b1000011 @
1$
#6360000
0'
#6365000
b1000011 A
1'
#6370000
0'
#6372000
0$
#6373000
b1111110 +
#6375000
b1000011 .
b1000011 B
b1000011 G
1'
#6380000
0'
#6385000
1'
#6385500
b1110100101011001 #
b1110100101011001 3
b1110100101011001 5
b1111110 4
b1111110 8
b1111110 =
b1000000 9
b1111111 <
b1111110 >
b1000001 2
b1000001 ?
b1000001 @
1$
#6390000
0'
#6395000
b1000001 A
1'
#6399000
0$
#6400000
b1111111 +
0'
#6405000
b1000001 .
b1000001 B
b1000001 G
1'
#6410000
0'
#6412500
b10001000111101 #
b10001000111101 3
b10001000111101 5
b1111111 4
b1111111 8
b1111111 =
b11000000 9
b10000000 <
b1111111 >
b1000000 2
b1000000 ?
b1000000 @
1$
#6415000
b1000000 A
1'
#6420000
0'
#6425000
b1000000 .
b1000000 B
b1000000 G
1'
#6426000
0$
#6427000
b10000000 +
#6430000
0'
#6435000
1'
#6439500
b1001100101010110 #
b1001100101010110 3
b1001100101010110 5
b10000000 4
b10000000 8
b10000000 =
b11000001 9
b10000001 <
b10000000 >
b11000000 2
b11000000 ?
b11000000 @
1$
#6440000
0'
#6445000
b11000000 A
1'
#6450000
0'
#6453000
0$
#6454000
b10000001 +
#6455000
b11000000 .
b11000000 B
b11000000 G
1'
#6460000
0'
#6465000
1'
#6466500
b1101000000111010 #
b1101000000111010 3
b1101000000111010 5
b10000001 4
b10000001 8
b10000001 =
b11000011 9
b10000010 <
b10000001 >
b11000001 2
b11000001 ?
b11000001 @
1$
#6470000
0'
#6475000
b11000001 A
1'
#6480000
0'
0$
#6481000
b10000010 +
#6485000
b11000001 .
b11000001 B
b11000001 G
1'
#6490000
0'
#6493500
b110011111001110 #
b110011111001110 3
b110011111001110 5
b10000010 4
b10000010 8
b10000010 =
b11000010 9
b10000011 <
b10000010 >
b11000011 2
b11000011 ?
b11000011 @
1$
#6495000
b11000011 A
1'
#6500000
0'
#6505000
b11000011 .
b11000011 B
b11000011 G
1'
#6507000
0$
#6508000
b10000011 +
#6510000
0'
#6515000
1'
#6520000
0'
#6520500
b1011111011010000 #
b1011111011010000 3
b1011111011010000 5
b10000011 4
b10000011 8
b10000011 =
b11000110 9
b10000100 <
b10000011 >
b11000010 2
b11000010 ?
b11000010 @
1$
#6525000
b11000010 A
1'
#6530000
0'
#6534000
0$
#6535000
b11000010 .
b11000010 B
b11000010 G
b10000100 +
1'
#6540000
0'
#6545000
1'
#6547500
b1000101000110100 #
b1000101000110100 3
b1000101000110100 5
b10000100 4
b10000100 8
b10000100 =
b11000111 9
b10000101 <
b10000100 >
b11000110 2
b11000110 ?
b11000110 @
1$
#6550000
0'
#6555000
b11000110 A
1'
#6560000
0'
#6561000
0$
#6562000
b10000101 +
#6565000
b11000110 .
b11000110 B
b11000110 G
1'
#6570000
0'
#6574500
b111110000001001 #
b111110000001001 3
b111110000001001 5
b10000101 4
b10000101 8
b10000101 =
b11000101 9
b10000110 <
b10000101 >
b11000111 2
b11000111 ?
b11000111 @
1$
#6575000
b11000111 A
1'
#6580000
0'
#6585000
b11000111 .
b11000111 B
b11000111 G
1'
#6588000
0$
#6589000
b10000110 +
#6590000
0'
#6595000
1'
#6600000
0'
#6601500
b11101011101010 #
b11101011101010 3
b11101011101010 5
b10000110 4
b10000110 8
b10000110 =
b11000100 9
b10000111 <
b10000110 >
b11000101 2
b11000101 ?
b11000101 @
1$
#6605000
b11000101 A
1'
#6610000
0'
#6615000
b11000101 .
b11000101 B
b11000101 G
1'
0$
#6616000
b10000111 +
#6620000
0'
#6625000
1'
#6628500
b101111101110000 #
b101111101110000 3
b101111101110000 5
b10000111 4
b10000111 8
b10000111 =
b11001100 9
b10001000 <
b10000111 >
b11000100 2
b11000100 ?
b11000100 @
1$
#6630000
0'
#6635000
b11000100 A
1'
#6640000
0'
#6642000
0$
#6643000
b10001000 +
#6645000
b11000100 .
b11000100 B
b11000100 G
1'
#6650000
0'
#6655000
1'
#6655500
b100001110110 #
b100001110110 3
b100001110110 5
b10001000 4
b10001000 8
b10001000 =
b11001101 9
b10001001 <
b10001000 >
b11001100 2
b11001100 ?
b11001100 @
1$
#6660000
0'
#6665000
b11001100 A
1'
#6669000
0$
#6670000
b10001001 +
0'
#6675000
b11001100 .
b11001100 B
b11001100 G
1'
#6680000
0'
#6682500
b110101111010100 #
b110101111010100 3
b110101111010100 5
b10001001 4
b10001001 8
b10001001 =
b11001111 9
b10001010 <
b10001001 >
b11001101 2
b11001101 ?
b11001101 @
1$
#6685000
b11001101 A
1'
#6690000
0'
#6695000
b11001101 .
b11001101 B
b11001101 G
1'
#6696000
0$
#6697000
b10001010 +
#6700000
0'
#6705000
1'
#6709500
b100001110011111 #
b100001110011111 3
b100001110011111 5
b10001010 4
b10001010 8
b10001010 =
b11001110 9
b10001011 <
b10001010 >
b11001111 2
b11001111 ?
b11001111 @
1$
#6710000
0'
#6715000
b11001111 A
1'
#6720000
0'
#6723000
0$
#6724000
b10001011 +
#6725000
b11001111 .
b11001111 B
b11001111 G
1'
#6730000
0'
#6735000
1'
#6736500
b11000011101111 #
b11000011101111 3
b11000011101111 5
b10001011 4
b10001011 8
b10001011 =
b11001010 9
b10001100 <
b10001011 >
b11001110 2
b11001110 ?
b11001110 @
1$
#6740000
0'
#6745000
b11001110 A
1'
#6750000
0'
0$
#6751000
b10001100 +
#6755000
b11001110 .
b11001110 B
b11001110 G
1'
#6760000
0'
#6763500
b101001010011001 #
b101001010011001 3
b101001010011001 5
b10001100 4
b10001100 8
b10001100 =
b11001011 9
b10001101 <
b10001100 >
b11001010 2
b11001010 ?
b11001010 @
1$
#6765000
b11001010 A
1'
#6770000
0'
#6775000
b11001010 .
b11001010 B
b11001010 G
1'
#6777000
0$
#6778000
b10001101 +
#6780000
0'
#6785000
1'
#6790000
0'
#6790500
b1010100111110010 #
b1010100111110010 3
b1010100111110010 5
b10001101 4
b10001101 8
b10001101 =
b11001001 9
b10001110 <
b10001101 >
b11001011 2
b11001011 ?
b11001011 @
1$
#6795000
b11001011 A
1'
#6800000
0'
#6804000
0$
#6805000
b11001011 .
b11001011 B
b11001011 G
b10001110 +
1'
#6810000
0'
#6815000
1'
#6817500
b1110111011110 #
b1110111011110 3
b1110111011110 5
b10001110 4
b10001110 8
b10001110 =
b11001000 9
b10001111 <
b10001110 >
b11001001 2
b11001001 ?
b11001001 @
1$
#6820000
0'
#6825000
b11001001 A
1'
#6830000
0'
#6831000
0$
#6832000
b10001111 +
#6835000
b11001001 .
b11001001 B
b11001001 G
1'
#6840000
0'
#6844500
b1110111111111 #
b1110111111111 3
b1110111111111 5
b10001111 4
b10001111 8
b10001111 =
b11011000 9
b10010000 <
b10001111 >
b11001000 2
b11001000 ?
b11001000 @
1$
#6845000
b11001000 A
1'
#6850000
0'
#6855000
b11001000 .
b11001000 B
b11001000 G
1'
#6858000
0$
#6859000
b10010000 +
#6860000
0'
#6865000
1'
#6870000
0'
#6871500
b110000000001000 #
b110000000001000 3
b110000000001000 5
b10010000 4
b10010000 8
b10010000 =
b11011001 9
b10010001 <
b10010000 >
b11011000 2
b11011000 ?
b11011000 @
1$
#6875000
b11011000 A
1'
#6880000
0'
#6885000
b11011000 .
b11011000 B
b11011000 G
1'
0$
#6886000
b10010001 +
#6890000
0'
#6895000
1'
#6898500
b11000111 #
b11000111 3
b11000111 5
b10010001 4
b10010001 8
b10010001 =
b11011011 9
b10010010 <
b10010001 >
b11011001 2
b11011001 ?
b11011001 @
1$
#6900000
0'
#6905000
b11011001 A
1'
#6910000
0'
#6912000
0$
#6913000
b10010010 +
#6915000
b11011001 .
b11011001 B
b11011001 G
1'
#6920000
0'
#6925000
1'
#6925500
b10000111001101 #
b10000111001101 3
b10000111001101 5
b10010010 4
b10010010 8
b10010010 =
b11011010 9
b10010011 <
b10010010 >
b11011011 2
b11011011 ?
b11011011 @
1$
#6930000
0'
#6935000
b11011011 A
1'
#6939000
0$
#6940000
b10010011 +
0'
#6945000
b11011011 .
b11011011 B
b11011011 G
1'
#6950000
0'
#6952500
b1101010101110111 #
b1101010101110111 3
b1101010101110111 5
b10010011 4
b10010011 8
b10010011 =
b11011110 9
b10010100 <
b10010011 >
b11011010 2
b11011010 ?
b11011010 @
1$
#6955000
b11011010 A
1'
#6960000
0'
#6965000
b11011010 .
b11011010 B
b11011010 G
1'
#6966000
0$
#6967000
b10010100 +
#6970000
0'
#6975000
1'
#6979500
b1111001111010001 #
b1111001111010001 3
b1111001111010001 5
b10010100 4
b10010100 8
b10010100 =
b11011111 9
b10010101 <
b10010100 >
b11011110 2
b11011110 ?
b11011110 @
1$
#6980000
0'
#6985000
b11011110 A
1'
#6990000
0'
#6993000
0$
#6994000
b10010101 +
#6995000
b11011110 .
b11011110 B
b11011110 G
1'
#7000000
0'
#7005000
1'
#7006500
b11011001 #
b11011001 3
b11011001 5
b10010101 4
b10010101 8
b10010101 =
b11011101 9
b10010110 <
b10010101 >
b11011111 2
b11011111 ?
b11011111 @
1$
#7010000
0'
#7015000
b11011111 A
1'
#7020000
0'
0$
#7021000
b10010110 +
#7025000
b11011111 .
b11011111 B
b11011111 G
1'
#7030000
0'
#7033500
b110110010010101 #
b110110010010101 3
b110110010010101 5
b10010110 4
b10010110 8
b10010110 =
b11011100 9
b10010111 <
b10010110 >
b11011101 2
b11011101 ?
b11011101 @
1$
#7035000
b11011101 A
1'
#7040000
0'
#7045000
b11011101 .
b11011101 B
b11011101 G
1'
#7047000
0$
#7048000
b10010111 +
#7050000
0'
#7055000
1'
#7060000
0'
#7060500
b1011111011001100 #
b1011111011001100 3
b1011111011001100 5
b10010111 4
b10010111 8
b10010111 =
b11010100 9
b10011000 <
b10010111 >
b11011100 2
b11011100 ?
b11011100 @
1$
#7065000
b11011100 A
1'
#7070000
0'
#7074000
0$
#7075000
b11011100 .
b11011100 B
b11011100 G
b10011000 +
1'
#7080000
0'
#7085000
1'
#7087500
b1000000011011100 #
b1000000011011100 3
b1000000011011100 5
b10011000 4
b10011000 8
b10011000 =
b11010101 9
b10011001 <
b10011000 >
b11010100 2
b11010100 ?
b11010100 @
1$
#7090000
0'
#7095000
b11010100 A
1'
#7100000
0'
#7101000
0$
#7102000
b10011001 +
#7105000
b11010100 .
b11010100 B
b11010100 G
1'
#7110000
0'
#7114500
b1111001100100111 #
b1111001100100111 3
b1111001100100111 5
b10011001 4
b10011001 8
b10011001 =
b11010111 9
b10011010 <
b10011001 >
b11010101 2
b11010101 ?
b11010101 @
1$
#7115000
b11010101 A
1'
#7120000
0'
#7125000
b11010101 .
b11010101 B
b11010101 G
1'
#7128000
0$
#7129000
b10011010 +
#7130000
0'
#7135000
1'
#7140000
0'
#7141500
b1101101110001001 #
b1101101110001001 3
b1101101110001001 5
b10011010 4
b10011010 8
b10011010 =
b11010110 9
b10011011 <
b10011010 >
b11010111 2
b11010111 ?
b11010111 @
1$
#7145000
b11010111 A
1'
#7150000
0'
#7155000
b11010111 .
b11010111 B
b11010111 G
1'
0$
#7156000
b10011011 +
#7160000
0'
#7165000
1'
#7168500
b101000011101 #
b101000011101 3
b101000011101 5
b10011011 4
b10011011 8
b10011011 =
b11010010 9
b10011100 <
b10011011 >
b11010110 2
b11010110 ?
b11010110 @
1$
#7170000
0'
#7175000
b11010110 A
1'
#7180000
0'
#7182000
0$
#7183000
b10011100 +
#7185000
b11010110 .
b11010110 B
b11010110 G
1'
#7190000
0'
#7195000
1'
#7195500
b100100100110011 #
b100100100110011 3
b100100100110011 5
b10011100 4
b10011100 8
b10011100 =
b11010011 9
b10011101 <
b10011100 >
b11010010 2
b11010010 ?
b11010010 @
1$
#7200000
0'
#7205000
b11010010 A
1'
#7209000
0$
#7210000
b10011101 +
0'
#7215000
b11010010 .
b11010010 B
b11010010 G
1'
#7220000
0'
#7222500
b1110001011000010 #
b1110001011000010 3
b1110001011000010 5
b10011101 4
b10011101 8
b10011101 =
b11010001 9
b10011110 <
b10011101 >
b11010011 2
b11010011 ?
b11010011 @
1$
#7225000
b11010011 A
1'
#7230000
0'
#7235000
b11010011 .
b11010011 B
b11010011 G
1'
#7236000
0$
#7237000
b10011110 +
#7240000
0'
#7245000
1'
#7249500
b101111100010 #
b101111100010 3
b101111100010 5
b10011110 4
b10011110 8
b10011110 =
b11010000 9
b10011111 <
b10011110 >
b11010001 2
b11010001 ?
b11010001 @
1$
#7250000
0'
#7255000
b11010001 A
1'
#7260000
0'
#7263000
0$
#7264000
b10011111 +
#7265000
b11010001 .
b11010001 B
b11010001 G
1'
#7270000
0'
#7275000
1'
#7276500
b1010010010101101 #
b1010010010101101 3
b1010010010101101 5
b10011111 4
b10011111 8
b10011111 =
b11110000 9
b10100000 <
b10011111 >
b11010000 2
b11010000 ?
b11010000 @
1$
#7280000
0'
#7285000
b11010000 A
1'
#7290000
0'
0$
#7291000
b10100000 +
#7295000
b11010000 .
b11010000 B
b11010000 G
1'
#7300000
0'
#7303500
b100011100111011 #
b100011100111011 3
b100011100111011 5
b10100000 4
b10100000 8
b10100000 =
b11110001 9
b10100001 <
b10100000 >
b11110000 2
b11110000 ?
b11110000 @
1$
#7305000
b11110000 A
1'
#7310000
0'
#7315000
b11110000 .
b11110000 B
b11110000 G
1'
#7317000
0$
#7318000
b10100001 +
#7320000
0'
#7325000
1'
#7330000
0'
#7330500
b1001111001011000 #
b1001111001011000 3
b1001111001011000 5
b10100001 4
b10100001 8
b10100001 =
b11110011 9
b10100010 <
b10100001 >
b11110001 2
b11110001 ?
b11110001 @
1$
#7335000
b11110001 A
1'
#7340000
0'
#7344000
0$
#7345000
b11110001 .
b11110001 B
b11110001 G
b10100010 +
1'
#7350000
0'
#7355000
1'
#7357500
b101011010111001 #
b101011010111001 3
b101011010111001 5
b10100010 4
b10100010 8
b10100010 =
b11110010 9
b10100011 <
b10100010 >
b11110011 2
b11110011 ?
b11110011 @
1$
#7360000
0'
#7365000
b11110011 A
1'
#7370000
0'
#7371000
0$
#7372000
b10100011 +
#7375000
b11110011 .
b11110011 B
b11110011 G
1'
#7380000
0'
#7384500
b11010000010111 #
b11010000010111 3
b11010000010111 5
b10100011 4
b10100011 8
b10100011 =
b11110110 9
b10100100 <
b10100011 >
b11110010 2
b11110010 ?
b11110010 @
1$
#7385000
b11110010 A
1'
#7390000
0'
#7395000
b11110010 .
b11110010 B
b11110010 G
1'
#7398000
0$
#7399000
b10100100 +
#7400000
0'
#7405000
1'
#7410000
0'
#7411500
b11010101100011 #
b11010101100011 3
b11010101100011 5
b10100100 4
b10100100 8
b10100100 =
b11110111 9
b10100101 <
b10100100 >
b11110110 2
b11110110 ?
b11110110 @
1$
#7415000
b11110110 A
1'
#7420000
0'
#7425000
b11110110 .
b11110110 B
b11110110 G
1'
0$
#7426000
b10100101 +
#7430000
0'
#7435000
1'
#7438500
b1011000110101110 #
b1011000110101110 3
b1011000110101110 5
b10100101 4
b10100101 8
b10100101 =
b11110101 9
b10100110 <
b10100101 >
b11110111 2
b11110111 ?
b11110111 @
1$
#7440000
0'
#7445000
b11110111 A
1'
#7450000
0'
#7452000
0$
#7453000
b10100110 +
#7455000
b11110111 .
b11110111 B
b11110111 G
1'
#7460000
0'
#7465000
1'
#7465500
b1101100010001001 #
b1101100010001001 3
b1101100010001001 5
b10100110 4
b10100110 8
b10100110 =
b11110100 9
b10100111 <
b10100110 >
b11110101 2
b11110101 ?
b11110101 @
1$
#7470000
0'
#7475000
b11110101 A
1'
#7479000
0$
#7480000
b10100111 +
0'
#7485000
b11110101 .
b11110101 B
b11110101 G
1'
#7490000
0'
#7492500
b10101000100010 #
b10101000100010 3
b10101000100010 5
b10100111 4
b10100111 8
b10100111 =
b11111100 9
b10101000 <
b10100111 >
b11110100 2
b11110100 ?
b11110100 @
1$
#7495000
b11110100 A
1'
#7500000
0'
#7505000
b11110100 .
b11110100 B
b11110100 G
1'
#7506000
0$
#7507000
b10101000 +
#7510000
0'
#7515000
1'
#7519500
b1001001001000011 #
b1001001001000011 3
b1001001001000011 5
b10101000 4
b10101000 8
b10101000 =
b11111101 9
b10101001 <
b10101000 >
b11111100 2
b11111100 ?
b11111100 @
1$
#7520000
0'
#7525000
b11111100 A
1'
#7530000
0'
#7533000
0$
#7534000
b10101001 +
#7535000
b11111100 .
b11111100 B
b11111100 G
1'
#7540000
0'
#7545000
1'
#7546500
b110011010111011 #
b110011010111011 3
b110011010111011 5
b10101001 4
b10101001 8
b10101001 =
b11111111 9
b10101010 <
b10101001 >
b11111101 2
b11111101 ?
b11111101 @
1$
#7550000
0'
#7555000
b11111101 A
1'
#7560000
0'
0$
#7561000
b10101010 +
#7565000
b11111101 .
b11111101 B
b11111101 G
1'
#7570000
0'
#7573500
b110111011100101 #
b110111011100101 3
b110111011100101 5
b10101010 4
b10101010 8
b10101010 =
b11111110 9
b10101011 <
b10101010 >
b11111111 2
b11111111 ?
b11111111 @
1$
#7575000
b11111111 A
1'
#7580000
0'
#7585000
b11111111 .
b11111111 B
b11111111 G
1'
#7587000
0$
#7588000
b10101011 +
#7590000
0'
#7595000
1'
#7600000
0'
#7600500
b1011001010000001 #
b1011001010000001 3
b1011001010000001 5
b10101011 4
b10101011 8
b10101011 =
b11111010 9
b10101100 <
b10101011 >
b11111110 2
b11111110 ?
b11111110 @
1$
#7605000
b11111110 A
1'
#7610000
0'
#7614000
0$
#7615000
b11111110 .
b11111110 B
b11111110 G
b10101100 +
1'
#7620000
0'
#7625000
1'
#7627500
b1001100010011000 #
b1001100010011000 3
b1001100010011000 5
b10101100 4
b10101100 8
b10101100 =
b11111011 9
b10101101 <
b10101100 >
b11111010 2
b11111010 ?
b11111010 @
1$
#7630000
0'
#7635000
b11111010 A
1'
#7640000
0'
#7641000
0$
#7642000
b10101101 +
#7645000
b11111010 .
b11111010 B
b11111010 G
1'
#7650000
0'
#7654500
b1100101101101111 #
b1100101101101111 3
b1100101101101111 5
b10101101 4
b10101101 8
b10101101 =
b11111001 9
b10101110 <
b10101101 >
b11111011 2
b11111011 ?
b11111011 @
1$
#7655000
b11111011 A
1'
#7660000
0'
#7665000
b11111011 .
b11111011 B
b11111011 G
1'
#7668000
0$
#7669000
b10101110 +
#7670000
0'
#7675000
1'
#7680000
0'
#7681500
b1011011010011101 #
b1011011010011101 3
b1011011010011101 5
b10101110 4
b10101110 8
b10101110 =
b11111000 9
b10101111 <
b10101110 >
b11111001 2
b11111001 ?
b11111001 @
1$
#7685000
b11111001 A
1'
#7690000
0'
#7695000
b11111001 .
b11111001 B
b11111001 G
1'
0$
#7696000
b10101111 +
#7700000
0'
#7705000
1'
#7708500
b1011011101100100 #
b1011011101100100 3
b1011011101100100 5
b10101111 4
b10101111 8
b10101111 =
b11101000 9
b10110000 <
b10101111 >
b11111000 2
b11111000 ?
b11111000 @
1$
#7710000
0'
#7715000
b11111000 A
1'
#7720000
0'
#7722000
0$
#7723000
b10110000 +
#7725000
b11111000 .
b11111000 B
b11111000 G
1'
#7730000
0'
#7735000
1'
#7735500
b100011000011110 #
b100011000011110 3
b100011000011110 5
b10110000 4
b10110000 8
b10110000 =
b11101001 9
b10110001 <
b10110000 >
b11101000 2
b11101000 ?
b11101000 @
1$
#7740000
0'
#7745000
b11101000 A
1'
#7749000
0$
#7750000
b10110001 +
0'
#7755000
b11101000 .
b11101000 B
b11101000 G
1'
#7760000
0'
#7762500
b1010100010111000 #
b1010100010111000 3
b1010100010111000 5
b10110001 4
b10110001 8
b10110001 =
b11101011 9
b10110010 <
b10110001 >
b11101001 2
b11101001 ?
b11101001 @
1$
#7765000
b11101001 A
1'
#7770000
0'
#7775000
b11101001 .
b11101001 B
b11101001 G
1'
#7776000
0$
#7777000
b10110010 +
#7780000
0'
#7785000
1'
#7789500
b100000001010 #
b100000001010 3
b100000001010 5
b10110010 4
b10110010 8
b10110010 =
b11101010 9
b10110011 <
b10110010 >
b11101011 2
b11101011 ?
b11101011 @
1$
#7790000
0'
#7795000
b11101011 A
1'
#7800000
0'
#7803000
0$
#7804000
b10110011 +
#7805000
b11101011 .
b11101011 B
b11101011 G
1'
#7810000
0'
#7815000
1'
#7816500
b1110001100100000 #
b1110001100100000 3
b1110001100100000 5
b10110011 4
b10110011 8
b10110011 =
b11101110 9
b10110100 <
b10110011 >
b11101010 2
b11101010 ?
b11101010 @
1$
#7820000
0'
#7825000
b11101010 A
1'
#7830000
0'
0$
#7831000
b10110100 +
#7835000
b11101010 .
b11101010 B
b11101010 G
1'
#7840000
0'
#7843500
b101010111000001 #
b101010111000001 3
b101010111000001 5
b10110100 4
b10110100 8
b10110100 =
b11101111 9
b10110101 <
b10110100 >
b11101110 2
b11101110 ?
b11101110 @
1$
#7845000
b11101110 A
1'
#7850000
0'
#7855000
b11101110 .
b11101110 B
b11101110 G
1'
#7857000
0$
#7858000
b10110101 +
#7860000
0'
#7865000
1'
#7870000
0'
#7870500
b1000111011101101 #
b1000111011101101 3
b1000111011101101 5
b10110101 4
b10110101 8
b10110101 =
b11101101 9
b10110110 <
b10110101 >
b11101111 2
b11101111 ?
b11101111 @
1$
#7875000
b11101111 A
1'
#7880000
0'
#7884000
0$
#7885000
b11101111 .
b11101111 B
b11101111 G
b10110110 +
1'
#7890000
0'
#7895000
1'
#7897500
b1000001010111110 #
b1000001010111110 3
b1000001010111110 5
b10110110 4
b10110110 8
b10110110 =
b11101100 9
b10110111 <
b10110110 >
b11101101 2
b11101101 ?
b11101101 @
1$
#7900000
0'
#7905000
b11101101 A
1'
#7910000
0'
#7911000
0$
#7912000
b10110111 +
#7915000
b11101101 .
b11101101 B
b11101101 G
1'
#7920000
0'
#7924500
b1010001011011011 #
b1010001011011011 3
b1010001011011011 5
b10110111 4
b10110111 8
b10110111 =
b11100100 9
b10111000 <
b10110111 >
b11101100 2
b11101100 ?
b11101100 @
1$
#7925000
b11101100 A
1'
#7930000
0'
#7935000
b11101100 .
b11101100 B
b11101100 G
1'
#7938000
0$
#7939000
b10111000 +
#7940000
0'
#7945000
1'
#7950000
0'
#7951500
b100000100010101 #
b100000100010101 3
b100000100010101 5
b10111000 4
b10111000 8
b10111000 =
b11100101 9
b10111001 <
b10111000 >
b11100100 2
b11100100 ?
b11100100 @
1$
#7955000
b11100100 A
1'
#7960000
0'
#7965000
b11100100 .
b11100100 B
b11100100 G
1'
0$
#7966000
b10111001 +
#7970000
0'
#7975000
1'
#7978500
b1100011100101000 #
b1100011100101000 3
b1100011100101000 5
b10111001 4
b10111001 8
b10111001 =
b11100111 9
b10111010 <
b10111001 >
b11100101 2
b11100101 ?
b11100101 @
1$
#7980000
0'
#7985000
b11100101 A
1'
#7990000
0'
#7992000
0$
#7993000
b10111010 +
#7995000
b11100101 .
b11100101 B
b11100101 G
1'
#8000000
0'
#8005000
1'
#8005500
b1111111101000110 #
b1111111101000110 3
b1111111101000110 5
b10111010 4
b10111010 8
b10111010 =
b11100110 9
b10111011 <
b10111010 >
b11100111 2
b11100111 ?
b11100111 @
1$
#8010000
0'
#8015000
b11100111 A
1'
#8019000
0$
#8020000
b10111011 +
0'
#8025000
b11100111 .
b11100111 B
b11100111 G
1'
#8030000
0'
#8032500
b10010110000011 #
b10010110000011 3
b10010110000011 5
b10111011 4
b10111011 8
b10111011 =
b11100010 9
b10111100 <
b10111011 >
b11100110 2
b11100110 ?
b11100110 @
1$
#8035000
b11100110 A
1'
#8040000
0'
#8045000
b11100110 .
b11100110 B
b11100110 G
1'
#8046000
0$
#8047000
b10111100 +
#8050000
0'
#8055000
1'
#8059500
b100011010010000 #
b100011010010000 3
b100011010010000 5
b10111100 4
b10111100 8
b10111100 =
b11100011 9
b10111101 <
b10111100 >
b11100010 2
b11100010 ?
b11100010 @
1$
#8060000
0'
#8065000
b11100010 A
1'
#8070000
0'
#8073000
0$
#8074000
b10111101 +
#8075000
b11100010 .
b11100010 B
b11100010 G
1'
#8080000
0'
#8085000
1'
#8086500
b101110010110110 #
b101110010110110 3
b101110010110110 5
b10111101 4
b10111101 8
b10111101 =
b11100001 9
b10111110 <
b10111101 >
b11100011 2
b11100011 ?
b11100011 @
1$
#8090000
0'
#8095000
b11100011 A
1'
#8100000
0'
0$
#8101000
b10111110 +
#8105000
b11100011 .
b11100011 B
b11100011 G
1'
#8110000
0'
#8113500
b1110100111100 #
b1110100111100 3
b1110100111100 5
b10111110 4
b10111110 8
b10111110 =
b11100000 9
b10111111 <
b10111110 >
b11100001 2
b11100001 ?
b11100001 @
1$
#8115000
b11100001 A
1'
#8120000
0'
#8125000
b11100001 .
b11100001 B
b11100001 G
1'
#8127000
0$
#8128000
b10111111 +
#8130000
0'
#8135000
1'
#8140000
0'
#8140500
b101010111110001 #
b101010111110001 3
b101010111110001 5
b10111111 4
b10111111 8
b10111111 =
b10100000 9
b11000000 <
b10111111 >
b11100000 2
b11100000 ?
b11100000 @
1$
#8145000
b11100000 A
1'
#8150000
0'
#8154000
0$
#8155000
b11100000 .
b11100000 B
b11100000 G
b11000000 +
1'
#8160000
0'
#8165000
1'
#8167500
b110001110001001 #
b110001110001001 3
b110001110001001 5
b11000000 4
b11000000 8
b11000000 =
b10100001 9
b11000001 <
b11000000 >
b10100000 2
b10100000 ?
b10100000 @
1$
#8170000
0'
#8175000
b10100000 A
1'
#8180000
0'
#8181000
0$
#8182000
b11000001 +
#8185000
b10100000 .
b10100000 B
b10100000 G
1'
#8190000
0'
#8194500
b1111100100001 #
b1111100100001 3
b1111100100001 5
b11000001 4
b11000001 8
b11000001 =
b10100011 9
b11000010 <
b11000001 >
b10100001 2
b10100001 ?
b10100001 @
1$
#8195000
b10100001 A
1'
#8200000
0'
#8205000
b10100001 .
b10100001 B
b10100001 G
1'
#8208000
0$
#8209000
b11000010 +
#8210000
0'
#8215000
1'
#8220000
0'
#8221500
b11011101101000 #
b11011101101000 3
b11011101101000 5
b11000010 4
b11000010 8
b11000010 =
b10100010 9
b11000011 <
b11000010 >
b10100011 2
b10100011 ?
b10100011 @
1$
#8225000
b10100011 A
1'
#8230000
0'
#8235000
b10100011 .
b10100011 B
b10100011 G
1'
0$
#8236000
b11000011 +
#8240000
0'
#8245000
1'
#8248500
b1101101010001011 #
b1101101010001011 3
b1101101010001011 5
b11000011 4
b11000011 8
b11000011 =
b10100110 9
b11000100 <
b11000011 >
b10100010 2
b10100010 ?
b10100010 @
1$
#8250000
0'
#8255000
b10100010 A
1'
#8260000
0'
#8262000
0$
#8263000
b11000100 +
#8265000
b10100010 .
b10100010 B
b10100010 G
1'
#8270000
0'
#8275000
1'
#8275500
b101000001011101 #
b101000001011101 3
b101000001011101 5
b11000100 4
b11000100 8
b11000100 =
b10100111 9
b11000101 <
b11000100 >
b10100110 2
b10100110 ?
b10100110 @
1$
#8280000
0'
#8285000
b10100110 A
1'
#8289000
0$
#8290000
b11000101 +
0'
#8295000
b10100110 .
b10100110 B
b10100110 G
1'
#8300000
0'
#8302500
b1001011100000001 #
b1001011100000001 3
b1001011100000001 5
b11000101 4
b11000101 8
b11000101 =
b10100101 9
b11000110 <
b11000101 >
b10100111 2
b10100111 ?
b10100111 @
1$
#8305000
b10100111 A
1'
#8310000
0'
#8315000
b10100111 .
b10100111 B
b10100111 G
1'
#8316000
0$
#8317000
b11000110 +
#8320000
0'
#8325000
1'
#8329500
b110011100010011 #
b110011100010011 3
b110011100010011 5
b11000110 4
b11000110 8
b11000110 =
b10100100 9
b11000111 <
b11000110 >
b10100101 2
b10100101 ?
b10100101 @
1$
#8330000
0'
#8335000
b10100101 A
1'
#8340000
0'
#8343000
0$
#8344000
b11000111 +
#8345000
b10100101 .
b10100101 B
b10100101 G
1'
#8350000
0'
#8355000
1'
#8356500
b10100001000011 #
b10100001000011 3
b10100001000011 5
b11000111 4
b11000111 8
b11000111 =
b10101100 9
b11001000 <
b11000111 >
b10100100 2
b10100100 ?
b10100100 @
1$
#8360000
0'
#8365000
b10100100 A
1'
#8370000
0'
0$
#8371000
b11001000 +
#8375000
b10100100 .
b10100100 B
b10100100 G
1'
#8380000
0'
#8383500
b1000101011001100 #
b1000101011001100 3
b1000101011001100 5
b11001000 4
b11001000 8
b11001000 =
b10101101 9
b11001001 <
b11001000 >
b10101100 2
b10101100 ?
b10101100 @
1$
#8385000
b10101100 A
1'
#8390000
0'
#8395000
b10101100 .
b10101100 B
b10101100 G
1'
#8397000
0$
#8398000
b11001001 +
#8400000
0'
#8405000
1'
#8410000
0'
#8410500
b1001100100000 #
b1001100100000 3
b1001100100000 5
b11001001 4
b11001001 8
b11001001 =
b10101111 9
b11001010 <
b11001001 >
b10101101 2
b10101101 ?
b10101101 @
1$
#8415000
b10101101 A
1'
#8420000
0'
#8424000
0$
#8425000
b10101101 .
b10101101 B
b10101101 G
b11001010 +
1'
#8430000
0'
#8435000
1'
#8437500
b1000101101011111 #
b1000101101011111 3
b1000101101011111 5
b11001010 4
b11001010 8
b11001010 =
b10101110 9
b11001011 <
b11001010 >
b10101111 2
b10101111 ?
b10101111 @
1$
#8440000
0'
#8445000
b10101111 A
1'
#8450000
0'
#8451000
0$
#8452000
b11001011 +
#8455000
b10101111 .
b10101111 B
b10101111 G
1'
#8460000
0'
#8464500
b110010001000110 #
b110010001000110 3
b110010001000110 5
b11001011 4
b11001011 8
b11001011 =
b10101010 9
b11001100 <
b11001011 >
b10101110 2
b10101110 ?
b10101110 @
1$
#8465000
b10101110 A
1'
#8470000
0'
#8475000
b10101110 .
b10101110 B
b10101110 G
1'
#8478000
0$
#8479000
b11001100 +
#8480000
0'
#8485000
1'
#8490000
0'
#8491500
b101000111101111 #
b101000111101111 3
b101000111101111 5
b11001100 4
b11001100 8
b11001100 =
b10101011 9
b11001101 <
b11001100 >
b10101010 2
b10101010 ?
b10101010 @
1$
#8495000
b10101010 A
1'
#8500000
0'
#8505000
b10101010 .
b10101010 B
b10101010 G
1'
0$
#8506000
b11001101 +
#8510000
0'
#8515000
1'
#8518500
b1001101100001000 #
b1001101100001000 3
b1001101100001000 5
b11001101 4
b11001101 8
b11001101 =
b10101001 9
b11001110 <
b11001101 >
b10101011 2
b10101011 ?
b10101011 @
1$
#8520000
0'
#8525000
b10101011 A
1'
#8530000
0'
#8532000
0$
#8533000
b11001110 +
#8535000
b10101011 .
b10101011 B
b10101011 G
1'
#8540000
0'
#8545000
1'
#8545500
b11111011001000 #
b11111011001000 3
b11111011001000 5
b11001110 4
b11001110 8
b11001110 =
b10101000 9
b11001111 <
b11001110 >
b10101001 2
b10101001 ?
b10101001 @
1$
#8550000
0'
#8555000
b10101001 A
1'
#8559000
0$
#8560000
b11001111 +
0'
#8565000
b10101001 .
b10101001 B
b10101001 G
1'
#8570000
0'
#8572500
b111111100110100 #
b111111100110100 3
b111111100110100 5
b11001111 4
b11001111 8
b11001111 =
b10111000 9
b11010000 <
b11001111 >
b10101000 2
b10101000 ?
b10101000 @
1$
#8575000
b10101000 A
1'
#8580000
0'
#8585000
b10101000 .
b10101000 B
b10101000 G
1'
#8586000
0$
#8587000
b11010000 +
#8590000
0'
#8595000
1'
#8599500
b1001101011010100 #
b1001101011010100 3
b1001101011010100 5
b11010000 4
b11010000 8
b11010000 =
b10111001 9
b11010001 <
b11010000 >
b10111000 2
b10111000 ?
b10111000 @
1$
#8600000
0'
#8605000
b10111000 A
1'
#8610000
0'
#8613000
0$
#8614000
b11010001 +
#8615000
b10111000 .
b10111000 B
b10111000 G
1'
#8620000
0'
#8625000
1'
#8626500
b110011000 #
b110011000 3
b110011000 5
b11010001 4
b11010001 8
b11010001 =
b10111011 9
b11010010 <
b11010001 >
b10111001 2
b10111001 ?
b10111001 @
1$
#8630000
0'
#8635000
b10111001 A
1'
#8640000
0'
0$
#8641000
b11010010 +
#8645000
b10111001 .
b10111001 B
b10111001 G
1'
#8650000
0'
#8653500
b1110000010001001 #
b1110000010001001 3
b1110000010001001 5
b11010010 4
b11010010 8
b11010010 =
b10111010 9
b11010011 <
b11010010 >
b10111011 2
b10111011 ?
b10111011 @
1$
#8655000
b10111011 A
1'
#8660000
0'
#8665000
b10111011 .
b10111011 B
b10111011 G
1'
#8667000
0$
#8668000
b11010011 +
#8670000
0'
#8675000
1'
#8680000
0'
#8680500
b10000000111010 #
b10000000111010 3
b10000000111010 5
b11010011 4
b11010011 8
b11010011 =
b10111110 9
b11010100 <
b11010011 >
b10111010 2
b10111010 ?
b10111010 @
1$
#8685000
b10111010 A
1'
#8690000
0'
#8694000
0$
#8695000
b10111010 .
b10111010 B
b10111010 G
b11010100 +
1'
#8700000
0'
#8705000
1'
#8707500
b10011000100011 #
b10011000100011 3
b10011000100011 5
b11010100 4
b11010100 8
b11010100 =
b10111111 9
b11010101 <
b11010100 >
b10111110 2
b10111110 ?
b10111110 @
1$
#8710000
0'
#8715000
b10111110 A
1'
#8720000
0'
#8721000
0$
#8722000
b11010101 +
#8725000
b10111110 .
b10111110 B
b10111110 G
1'
#8730000
0'
#8734500
b1100101110111100 #
b1100101110111100 3
b1100101110111100 5
b11010101 4
b11010101 8
b11010101 =
b10111101 9
b11010110 <
b11010101 >
b10111111 2
b10111111 ?
b10111111 @
1$
#8735000
b10111111 A
1'
#8740000
0'
#8745000
b10111111 .
b10111111 B
b10111111 G
1'
#8748000
0$
#8749000
b11010110 +
#8750000
0'
#8755000
1'
#8760000
0'
#8761500
b1000011100101101 #
b1000011100101101 3
b1000011100101101 5
b11010110 4
b11010110 8
b11010110 =
b10111100 9
b11010111 <
b11010110 >
b10111101 2
b10111101 ?
b10111101 @
1$
#8765000
b10111101 A
1'
#8770000
0'
#8775000
b10111101 .
b10111101 B
b10111101 G
1'
0$
#8776000
b11010111 +
#8780000
0'
#8785000
1'
#8788500
b1011100111100100 #
b1011100111100100 3
b1011100111100100 5
b11010111 4
b11010111 8
b11010111 =
b10110100 9
b11011000 <
b11010111 >
b10111100 2
b10111100 ?
b10111100 @
1$
#8790000
0'
#8795000
b10111100 A
1'
#8800000
0'
#8802000
0$
#8803000
b11011000 +
#8805000
b10111100 .
b10111100 B
b10111100 G
1'
#8810000
0'
#8815000
1'
#8815500
b111001011010111 #
b111001011010111 3
b111001011010111 5
b11011000 4
b11011000 8
b11011000 =
b10110101 9
b11011001 <
b11011000 >
b10110100 2
b10110100 ?
b10110100 @
1$
#8820000
0'
#8825000
b10110100 A
1'
#8829000
0$
#8830000
b11011001 +
0'
#8835000
b10110100 .
b10110100 B
b10110100 G
1'
#8840000
0'
#8842500
b100100011010101 #
b100100011010101 3
b100100011010101 5
b11011001 4
b11011001 8
b11011001 =
b10110111 9
b11011010 <
b11011001 >
b10110101 2
b10110101 ?
b10110101 @
1$
#8845000
b10110101 A
1'
#8850000
0'
#8855000
b10110101 .
b10110101 B
b10110101 G
1'
#8856000
0$
#8857000
b11011010 +
#8860000
0'
#8865000
1'
#8869500
b1001011100100 #
b1001011100100 3
b1001011100100 5
b11011010 4
b11011010 8
b11011010 =
b10110110 9
b11011011 <
b11011010 >
b10110111 2
b10110111 ?
b10110111 @
1$
#8870000
0'
#8875000
b10110111 A
1'
#8880000
0'
#8883000
0$
#8884000
b11011011 +
#8885000
b10110111 .
b10110111 B
b10110111 G
1'
#8890000
0'
#8895000
1'
#8896500
b111000000000100 #
b111000000000100 3
b111000000000100 5
b11011011 4
b11011011 8
b11011011 =
b10110010 9
b11011100 <
b11011011 >
b10110110 2
b10110110 ?
b10110110 @
1$
#8900000
0'
#8905000
b10110110 A
1'
#8910000
0'
0$
#8911000
b11011100 +
#8915000
b10110110 .
b10110110 B
b10110110 G
1'
#8920000
0'
#8923500
b1011011101110011 #
b1011011101110011 3
b1011011101110011 5
b11011100 4
b11011100 8
b11011100 =
b10110011 9
b11011101 <
b11011100 >
b10110010 2
b10110010 ?
b10110010 @
1$
#8925000
b10110010 A
1'
#8930000
0'
#8935000
b10110010 .
b10110010 B
b10110010 G
1'
#8937000
0$
#8938000
b11011101 +
#8940000
0'
#8945000
1'
#8950000
0'
#8950500
b1000011111101100 #
b1000011111101100 3
b1000011111101100 5
b11011101 4
b11011101 8
b11011101 =
b10110001 9
b11011110 <
b11011101 >
b10110011 2
b10110011 ?
b10110011 @
1$
#8955000
b10110011 A
1'
#8960000
0'
#8964000
0$
#8965000
b10110011 .
b10110011 B
b10110011 G
b11011110 +
1'
#8970000
0'
#8975000
1'
#8977500
b1111111111100 #
b1111111111100 3
b1111111111100 5
b11011110 4
b11011110 8
b11011110 =
b10110000 9
b11011111 <
b11011110 >
b10110001 2
b10110001 ?
b10110001 @
1$
#8980000
0'
#8985000
b10110001 A
1'
#8990000
0'
#8991000
0$
#8992000
b11011111 +
#8995000
b10110001 .
b10110001 B
b10110001 G
1'
#9000000
0'
#9004500
b11010101111110 #
b11010101111110 3
b11010101111110 5
b11011111 4
b11011111 8
b11011111 =
b10010000 9
b11100000 <
b11011111 >
b10110000 2
b10110000 ?
b10110000 @
1$
#9005000
b10110000 A
1'
#9010000
0'
#9015000
b10110000 .
b10110000 B
b10110000 G
1'
#9018000
0$
#9019000
b11100000 +
#9020000
0'
#9025000
1'
#9030000
0'
#9031500
b1110111010111100 #
b1110111010111100 3
b1110111010111100 5
b11100000 4
b11100000 8
b11100000 =
b10010001 9
b11100001 <
b11100000 >
b10010000 2
b10010000 ?
b10010000 @
1$
#9035000
b10010000 A
1'
#9040000
0'
#9045000
b10010000 .
b10010000 B
b10010000 G
1'
0$
#9046000
b11100001 +
#9050000
0'
#9055000
1'
#9058500
b100111001010000 #
b100111001010000 3
b100111001010000 5
b11100001 4
b11100001 8
b11100001 =
b10010011 9
b11100010 <
b11100001 >
b10010001 2
b10010001 ?
b10010001 @
1$
#9060000
0'
#9065000
b10010001 A
1'
#9070000
0'
#9072000
0$
#9073000
b11100010 +
#9075000
b10010001 .
b10010001 B
b10010001 G
1'
#9080000
0'
#9085000
1'
#9085500
b11100010110 #
b11100010110 3
b11100010110 5
b11100010 4
b11100010 8
b11100010 =
b10010010 9
b11100011 <
b11100010 >
b10010011 2
b10010011 ?
b10010011 @
1$
#9090000
0'
#9095000
b10010011 A
1'
#9099000
0$
#9100000
b11100011 +
0'
#9105000
b10010011 .
b10010011 B
b10010011 G
1'
#9110000
0'
#9112500
b1011001001011010 #
b1011001001011010 3
b1011001001011010 5
b11100011 4
b11100011 8
b11100011 =
b10010110 9
b11100100 <
b11100011 >
b10010010 2
b10010010 ?
b10010010 @
1$
#9115000
b10010010 A
1'
#9120000
0'
#9125000
b10010010 .
b10010010 B
b10010010 G
1'
#9126000
0$
#9127000
b11100100 +
#9130000
0'
#9135000
1'
#9139500
b1101101001011100 #
b1101101001011100 3
b1101101001011100 5
b11100100 4
b11100100 8
b11100100 =
b10010111 9
b11100101 <
b11100100 >
b10010110 2
b10010110 ?
b10010110 @
1$
#9140000
0'
#9145000
b10010110 A
1'
#9150000
0'
#9153000
0$
#9154000
b11100101 +
#9155000
b10010110 .
b10010110 B
b10010110 G
1'
#9160000
0'
#9165000
1'
#9166500
b10110110110100 #
b10110110110100 3
b10110110110100 5
b11100101 4
b11100101 8
b11100101 =
b10010101 9
b11100110 <
b11100101 >
b10010111 2
b10010111 ?
b10010111 @
1$
#9170000
0'
#9175000
b10010111 A
1'
#9180000
0'
0$
#9181000
b11100110 +
#9185000
b10010111 .
b10010111 B
b10010111 G
1'
#9190000
0'
#9193500
b1110010001011010 #
b1110010001011010 3
b1110010001011010 5
b11100110 4
b11100110 8
b11100110 =
b10010100 9
b11100111 <
b11100110 >
b10010101 2
b10010101 ?
b10010101 @
1$
#9195000
b10010101 A
1'
#9200000
0'
#9205000
b10010101 .
b10010101 B
b10010101 G
1'
#9207000
0$
#9208000
b11100111 +
#9210000
0'
#9215000
1'
#9220000
0'
#9220500
b101010111101101 #
b101010111101101 3
b101010111101101 5
b11100111 4
b11100111 8
b11100111 =
b10011100 9
b11101000 <
b11100111 >
b10010100 2
b10010100 ?
b10010100 @
1$
#9225000
b10010100 A
1'
#9230000
0'
#9234000
0$
#9235000
b10010100 .
b10010100 B
b10010100 G
b11101000 +
1'
#9240000
0'
#9245000
1'
#9247500
b1111010101111000 #
b1111010101111000 3
b1111010101111000 5
b11101000 4
b11101000 8
b11101000 =
b10011101 9
b11101001 <
b11101000 >
b10011100 2
b10011100 ?
b10011100 @
1$
#9250000
0'
#9255000
b10011100 A
1'
#9260000
0'
#9261000
0$
#9262000
b11101001 +
#9265000
b10011100 .
b10011100 B
b10011100 G
1'
#9270000
0'
#9274500
b110110101010101 #
b110110101010101 3
b110110101010101 5
b11101001 4
b11101001 8
b11101001 =
b10011111 9
b11101010 <
b11101001 >
b10011101 2
b10011101 ?
b10011101 @
1$
#9275000
b10011101 A
1'
#9280000
0'
#9285000
b10011101 .
b10011101 B
b10011101 G
1'
#9288000
0$
#9289000
b11101010 +
#9290000
0'
#9295000
1'
#9300000
0'
#9301500
b1001011001100110 #
b1001011001100110 3
b1001011001100110 5
b11101010 4
b11101010 8
b11101010 =
b10011110 9
b11101011 <
b11101010 >
b10011111 2
b10011111 ?
b10011111 @
1$
#9305000
b10011111 A
1'
#9310000
0'
#9315000
b10011111 .
b10011111 B
b10011111 G
1'
0$
#9316000
b11101011 +
#9320000
0'
#9325000
1'
#9328500
b100011001110010 #
b100011001110010 3
b100011001110010 5
b11101011 4
b11101011 8
b11101011 =
b10011010 9
b11101100 <
b11101011 >
b10011110 2
b10011110 ?
b10011110 @
1$
#9330000
0'
#9335000
b10011110 A
1'
#9340000
0'
#9342000
0$
#9343000
b11101100 +
#9345000
b10011110 .
b10011110 B
b10011110 G
1'
#9350000
0'
#9355000
1'
#9355500
b111011010100110 #
b111011010100110 3
b111011010100110 5
b11101100 4
b11101100 8
b11101100 =
b10011011 9
b11101101 <
b11101100 >
b10011010 2
b10011010 ?
b10011010 @
1$
#9360000
0'
#9365000
b10011010 A
1'
#9369000
0$
#9370000
b11101101 +
0'
#9375000
b10011010 .
b10011010 B
b10011010 G
1'
#9380000
0'
#9382500
b1110101011111 #
b1110101011111 3
b1110101011111 5
b11101101 4
b11101101 8
b11101101 =
b10011001 9
b11101110 <
b11101101 >
b10011011 2
b10011011 ?
b10011011 @
1$
#9385000
b10011011 A
1'
#9390000
0'
#9395000
b10011011 .
b10011011 B
b10011011 G
1'
#9396000
0$
#9397000
b11101110 +
#9400000
0'
#9405000
1'
#9409500
b1011100100110000 #
b1011100100110000 3
b1011100100110000 5
b11101110 4
b11101110 8
b11101110 =
b10011000 9
b11101111 <
b11101110 >
b10011001 2
b10011001 ?
b10011001 @
1$
#9410000
0'
#9415000
b10011001 A
1'
#9420000
0'
#9423000
0$
#9424000
b11101111 +
#9425000
b10011001 .
b10011001 B
b10011001 G
1'
#9430000
0'
#9435000
1'
#9436500
b111011011110000 #
b111011011110000 3
b111011011110000 5
b11101111 4
b11101111 8
b11101111 =
b10001000 9
b11110000 <
b11101111 >
b10011000 2
b10011000 ?
b10011000 @
1$
#9440000
0'
#9445000
b10011000 A
1'
#9450000
0'
0$
#9451000
b11110000 +
#9455000
b10011000 .
b10011000 B
b10011000 G
1'
#9460000
0'
#9463500
b110000001000001 #
b110000001000001 3
b110000001000001 5
b11110000 4
b11110000 8
b11110000 =
b10001001 9
b11110001 <
b11110000 >
b10001000 2
b10001000 ?
b10001000 @
1$
#9465000
b10001000 A
1'
#9470000
0'
#9475000
b10001000 .
b10001000 B
b10001000 G
1'
#9477000
0$
#9478000
b11110001 +
#9480000
0'
#9485000
1'
#9490000
0'
#9490500
b11100001100 #
b11100001100 3
b11100001100 5
b11110001 4
b11110001 8
b11110001 =
b10001011 9
b11110010 <
b11110001 >
b10001001 2
b10001001 ?
b10001001 @
1$
#9495000
b10001001 A
1'
#9500000
0'
#9504000
0$
#9505000
b10001001 .
b10001001 B
b10001001 G
b11110010 +
1'
#9510000
0'
#9515000
1'
#9517500
b1010011010000100 #
b1010011010000100 3
b1010011010000100 5
b11110010 4
b11110010 8
b11110010 =
b10001010 9
b11110011 <
b11110010 >
b10001011 2
b10001011 ?
b10001011 @
1$
#9520000
0'
#9525000
b10001011 A
1'
#9530000
0'
#9531000
0$
#9532000
b11110011 +
#9535000
b10001011 .
b10001011 B
b10001011 G
1'
#9540000
0'
#9544500
b1000111111000001 #
b1000111111000001 3
b1000111111000001 5
b11110011 4
b11110011 8
b11110011 =
b10001110 9
b11110100 <
b11110011 >
b10001010 2
b10001010 ?
b10001010 @
1$
#9545000
b10001010 A
1'
#9550000
0'
#9555000
b10001010 .
b10001010 B
b10001010 G
1'
#9558000
0$
#9559000
b11110100 +
#9560000
0'
#9565000
1'
#9570000
0'
#9571500
b110101110001100 #
b110101110001100 3
b110101110001100 5
b11110100 4
b11110100 8
b11110100 =
b10001111 9
b11110101 <
b11110100 >
b10001110 2
b10001110 ?
b10001110 @
1$
#9575000
b10001110 A
1'
#9580000
0'
#9585000
b10001110 .
b10001110 B
b10001110 G
1'
0$
#9586000
b11110101 +
#9590000
0'
#9595000
1'
#9598500
b1011100110100011 #
b1011100110100011 3
b1011100110100011 5
b11110101 4
b11110101 8
b11110101 =
b10001101 9
b11110110 <
b11110101 >
b10001111 2
b10001111 ?
b10001111 @
1$
#9600000
0'
#9605000
b10001111 A
1'
#9610000
0'
#9612000
0$
#9613000
b11110110 +
#9615000
b10001111 .
b10001111 B
b10001111 G
1'
#9620000
0'
#9625000
1'
#9625500
b111110101101111 #
b111110101101111 3
b111110101101111 5
b11110110 4
b11110110 8
b11110110 =
b10001100 9
b11110111 <
b11110110 >
b10001101 2
b10001101 ?
b10001101 @
1$
#9630000
0'
#9635000
b10001101 A
1'
#9639000
0$
#9640000
b11110111 +
0'
#9645000
b10001101 .
b10001101 B
b10001101 G
1'
#9650000
0'
#9652500
b1111110110001100 #
b1111110110001100 3
b1111110110001100 5
b11110111 4
b11110111 8
b11110111 =
b10000100 9
b11111000 <
b11110111 >
b10001100 2
b10001100 ?
b10001100 @
1$
#9655000
b10001100 A
1'
#9660000
0'
#9665000
b10001100 .
b10001100 B
b10001100 G
1'
#9666000
0$
#9667000
b11111000 +
#9670000
0'
#9675000
1'
#9679500
b1001010100110 #
b1001010100110 3
b1001010100110 5
b11111000 4
b11111000 8
b11111000 =
b10000101 9
b11111001 <
b11111000 >
b10000100 2
b10000100 ?
b10000100 @
1$
#9680000
0'
#9685000
b10000100 A
1'
#9690000
0'
#9693000
0$
#9694000
b11111001 +
#9695000
b10000100 .
b10000100 B
b10000100 G
1'
#9700000
0'
#9705000
1'
#9706500
b111110111101011 #
b111110111101011 3
b111110111101011 5
b11111001 4
b11111001 8
b11111001 =
b10000111 9
b11111010 <
b11111001 >
b10000101 2
b10000101 ?
b10000101 @
1$
#9710000
0'
#9715000
b10000101 A
1'
#9720000
0'
0$
#9721000
b11111010 +
#9725000
b10000101 .
b10000101 B
b10000101 G
1'
#9730000
0'
#9733500
b1011100111001 #
b1011100111001 3
b1011100111001 5
b11111010 4
b11111010 8
b11111010 =
b10000110 9
b11111011 <
b11111010 >
b10000111 2
b10000111 ?
b10000111 @
1$
#9735000
b10000111 A
1'
#9740000
0'
#9745000
b10000111 .
b10000111 B
b10000111 G
1'
#9747000
0$
#9748000
b11111011 +
#9750000
0'
#9755000
1'
#9760000
0'
#9760500
b1110101000011111 #
b1110101000011111 3
b1110101000011111 5
b11111011 4
b11111011 8
b11111011 =
b10000010 9
b11111100 <
b11111011 >
b10000110 2
b10000110 ?
b10000110 @
1$
#9765000
b10000110 A
1'
#9770000
0'
#9774000
0$
#9775000
b10000110 .
b10000110 B
b10000110 G
b11111100 +
1'
#9780000
0'
#9785000
1'
#9787500
b1001010010111111 #
b1001010010111111 3
b1001010010111111 5
b11111100 4
b11111100 8
b11111100 =
b10000011 9
b11111101 <
b11111100 >
b10000010 2
b10000010 ?
b10000010 @
1$
#9790000
0'
#9795000
b10000010 A
1'
#9800000
0'
#9801000
0$
#9802000
b11111101 +
#9805000
b10000010 .
b10000010 B
b10000010 G
1'
#9810000
0'
#9814500
b101111100110101 #
b101111100110101 3
b101111100110101 5
b11111101 4
b11111101 8
b11111101 =
b10000001 9
b11111110 <
b11111101 >
b10000011 2
b10000011 ?
b10000011 @
1$
#9815000
b10000011 A
1'
#9820000
0'
#9825000
b10000011 .
b10000011 B
b10000011 G
1'
#9828000
0$
#9829000
b11111110 +
#9830000
0'
#9835000
1'
#9840000
0'
#9841500
b1000000101111 #
b1000000101111 3
b1000000101111 5
b11111110 4
b11111110 8
b11111110 =
b10000000 9
b11111111 <
b11111110 >
b10000001 2
b10000001 ?
b10000001 @
1$
#9845000
b10000001 A
1'
#9850000
0'
#9855000
b10000001 .
b10000001 B
b10000001 G
1'
0$
#9856000
b11111111 +
#9860000
0'
#9865000
1'
#9868500
1;
b100010111011111 #
b100010111011111 3
b100010111011111 5
b11111111 4
b11111111 8
b11111111 =
b110000000 9
b100000000 <
b11111111 >
b10000000 2
b10000000 ?
b10000000 @
1$
#9870000
0'
#9875000
b10000000 A
1'
#9880000
0'
#9882000
0$
#9883000
b100000000 +
#9885000
b10000000 .
b10000000 B
b10000000 G
1'
#9890000
0'
#9895000
1'
#9895500
b100010000000000 #
b100010000000000 3
b100010000000000 5
b0 4
b0 8
b0 =
1;
b110000000 9
1"
b100000000 <
b100000000 >
b110000000 2
b110000000 ?
b110000000 @
1$
#9900000
0'
#9905000
b110000000 A
1'
#9909000
0$
#9910000
b100000001 +
0'
#9915000
b110000000 .
b110000000 B
b110000000 G
1'
#9920000
0'
#9922500
1$
#9925000
1'
#9930000
0'
#9935000
1'
#9936000
0$
#9937000
b100000010 +
#9940000
0'
#9945000
1'
#9949500
1$
#9950000
0'
#9955000
1'
#9960000
0'
#9963000
0$
#9964000
b100000011 +
#9965000
1'
#9970000
0'
#9975000
1'
#9976500
1$
#9980000
0'
#9985000
1'
#9990000
0%
0'
0$
#9995000
1'
#10000000
0'
#10003500
1$
#10005000
1'
#10010000
0'
#10015000
1'
#10017000
0$
#10020000
0'
#10025000
1'
#10030000
0'
#10030500
1$
#10035000
1'
#10040000
0'
#10044000
0$
#10045000
1'
#10050000
0'
#10055000
1'
#10057500
1$
#10060000
0'
#10065000
1'
#10070000
0'
#10071000
0$
#10075000
1'
#10080000
0'
#10084500
1$
#10085000
1'
#10090000
b110000001 F
b100000001 I
b0 +
1%
1)
0'
#10095000
b1 0
b1 7
b1 J
b110000011 F
b1100010111111001 #
b1100010111111001 3
b1100010111111001 5
b100000010 I
b100000001 K
b110000001 /
b110000001 C
b110000001 L
1'
#10098000
0$
#10100000
b1 +
b1011100001001101 (
b1011100001001101 -
b1011100001001101 6
b100110100101001011011010010110 ,
0'
#10105000
b10 0
b10 7
b10 J
b110000010 F
b100000011 I
b100000010 K
b110000011 /
b110000011 C
b110000011 L
1'
#10110000
b10 +
b1101011001010001 (
b1101011001010001 -
b1101011001010001 6
b101000111100011101010000011111 ,
0'
#10111500
b110000011 D
1$
#10115000
b11 0
b11 7
b11 J
b110000110 F
b100000100 I
b100000011 K
b110000010 /
b110000010 C
b110000010 L
1'
#10120000
b11 +
b111000111001011 (
b111000111001011 -
b111000111001011 6
b11100101100010110110111111010100 ,
0'
#10125000
b100 0
b100 7
b100 J
b110000111 F
b100000101 I
b100000100 K
b110000110 /
b110000110 C
b110000110 L
1'
0$
#10130000
b100 +
b101001010101010 (
b101001010101010 -
b101001010101010 6
b1010101001010100101000011000101 ,
0'
#10135000
b101 0
b101 7
b101 J
b110000101 F
b100000110 I
b100000101 K
b110000111 /
b110000111 C
b110000111 L
1'
#10138500
0;
b110000011 1
b110000011 :
b110000011 E
b110000111 D
1$
#10140000
b101 +
b1011000101010011 (
b1011000101010011 -
b1011000101010011 6
b10101001110000011010111011000010 ,
0'
#10145000
b110 0
b110 7
b110 J
b110000100 F
b100000111 I
b100000110 K
b110000101 /
b110000101 C
b110000101 L
1'
#10150000
b110 +
b1100110011101001 (
b1100110011101001 -
b1100110011101001 6
b1110100101110101100101101011011 ,
0'
#10152000
0$
#10155000
b111 0
b111 7
b111 J
b110001100 F
b100001000 I
b100000111 K
b110000100 /
b110000100 C
b110000100 L
1'
#10160000
b111 +
b111100110000010 (
b111100110000010 -
b111100110000010 6
b11000001010000110111011011100000 ,
0'
#10165000
b1000 0
b1000 7
b1000 J
b110001101 F
b100001001 I
b100001000 K
b110001100 /
b110001100 C
b110001100 L
1'
#10165500
b110000001 9
b100000001 <
0"
b110000111 1
b110000111 :
b110000111 E
b110001100 D
1$
#10170000
b1000 +
b1001001101001101 (
b1001001101001101 -
b1001001101001101 6
b10100110111011111001000101100001 ,
0'
#10175000
b1001 0
b1001 7
b1001 J
b110001111 F
b100001010 I
b100001001 K
b110001101 /
b110001101 C
b110001101 L
1'
#10179000
0$
#10180000
b1001 +
b101100011010011 (
b101100011010011 -
b101100011010011 6
b1101001100110100101011110101110 ,
0'
#10185000
b1010 0
b1010 7
b1010 J
b110001110 F
b100001011 I
b100001010 K
b110001111 /
b110001111 C
b110001111 L
1'
#10190000
b1010 +
b111101111101 (
b111101111101 -
b111101111101 6
b10111110101110100000110001010111 ,
0'
#10192500
b1011100001001101 #
b1011100001001101 3
b1011100001001101 5
b1 4
b1 8
b1 =
b110000011 9
b110001100 1
b110001100 :
b110001100 E
b110001111 D
b100000010 <
b100000001 >
b110000001 2
b110000001 ?
b110000001 @
1$
#10195000
b1011 0
b1011 7
b1011 J
b110001010 F
b110000001 A
b100001100 I
b100001011 K
b110001110 /
b110001110 C
b110001110 L
1'
#10200000
b1011 +
b100111001110011 (
b100111001110011 -
b100111001110011 6
b111001111100110100110010101100 ,
0'
#10205000
b1100 0
b1100 7
b1100 J
b110001011 F
b100001101 I
b100001100 K
b110001010 /
b110001010 C
b110001010 L
b110000001 .
b110000001 B
b110000001 G
1'
#10206000
0$
#10210000
b1100 +
b10001000011110 (
b10001000011110 -
b10001000011110 6
b1111011001010010000110111101 ,
0'
#10215000
b1101 0
b1101 7
b1101 J
b110001001 F
b100001110 I
b100001101 K
b110001011 /
b110001011 C
b110001011 L
1'
#10219500
b1101011001010001 #
b1101011001010001 3
b1101011001010001 5
b10 4
b10 8
b10 =
b110000010 9
b100000011 <
b100000010 >
b110000011 2
b110000011 ?
b110000011 @
b110001111 1
b110001111 :
b110001111 E
b110001011 D
1$
#10220000
b1101 +
b1001111100110000 (
b1001111100110000 -
b1001111100110000 6
b10011000011011111001110101011010 ,
0'
#10225000
b1110 0
b1110 7
b1110 J
b110001000 F
b100001111 I
b100001110 K
b110001001 /
b110001001 C
b110001001 L
b110000011 A
1'
#10230000
b1110 +
b1001010010110011 (
b1001010010110011 -
b1001010010110011 6
b1011001101110001001001100010011 ,
0'
#10233000
0$
#10235000
b1111 0
b1111 7
b1111 J
b110011000 F
b110000011 .
b110000011 B
b110000011 G
b100010000 I
b100001111 K
b110001000 /
b110001000 C
b110001000 L
1'
#10240000
b1111 +
b1011111110010110 (
b1011111110010110 -
b1011111110010110 6
b11001011010110001011110100111000 ,
0'
#10245000
b10000 0
b10000 7
b10000 J
b110011001 F
b100010001 I
b100010000 K
b110011000 /
b110011000 C
b110011000 L
1'
#10246500
b111000111001011 #
b111000111001011 3
b111000111001011 5
b11 4
b11 8
b11 =
b110000110 9
b110001011 1
b110001011 :
b110001011 E
b110011000 D
b100000100 <
b100000011 >
b110000010 2
b110000010 ?
b110000010 @
1$
#10250000
b10000 +
b101111000101001 (
b101111000101001 -
b101111000101001 6
b10100111000110101110111011001 ,
0'
#10255000
b10001 0
b10001 7
b10001 J
b110011011 F
b110000010 A
b100010010 I
b100010001 K
b110011001 /
b110011001 C
b110011001 L
1'
#10260000
b10001 +
b10110101000111 (
b10110101000111 -
b10110101000111 6
b10100011101011110010101111000110 ,
0'
0$
#10265000
b10010 0
b10010 7
b10010 J
b110011010 F
b100010011 I
b100010010 K
b110011011 /
b110011011 C
b110011011 L
b110000010 .
b110000010 B
b110000010 G
1'
#10270000
b10010 +
b1110001001000 (
b1110001001000 -
b1110001001000 6
b100100010001010001101110001111 ,
0'
#10273500
b101001010101010 #
b101001010101010 3
b101001010101010 5
b100 4
b100 8
b100 =
b110000111 9
b100000101 <
b100000100 >
b110000110 2
b110000110 ?
b110000110 @
b110011000 1
b110011000 :
b110011000 E
b110011011 D
1$
#10275000
b10011 0
b10011 7
b10011 J
b110011110 F
b110000110 A
b100010100 I
b100010011 K
b110011010 /
b110011010 C
b110011010 L
1'
#10280000
b10011 +
b101011101010010 (
b101011101010010 -
b101011101010010 6
b10101001010011000101010010000100 ,
0'
#10285000
b10100 0
b10100 7
b10100 J
b110011111 F
b100010101 I
b100010100 K
b110011110 /
b110011110 C
b110011110 L
b110000110 .
b110000110 B
b110000110 G
1'
#10287000
0$
#10290000
b10100 +
b110001110001101 (
b110001110001101 -
b110001110001101 6
b11000110111011100110000110110101 ,
0'
#10295000
b10101 0
b10101 7
b10101 J
b110011101 F
b100010110 I
b100010101 K
b110011111 /
b110011111 C
b110011111 L
1'
#10300000
b10101 +
b111000110010011 (
b111000110010011 -
b111000110010011 6
b11001001100011110110111011110010 ,
0'
#10300500
b1011000101010011 #
b1011000101010011 3
b1011000101010011 5
b101 4
b101 8
b101 =
b110000101 9
b110011011 1
b110011011 :
b110011011 E
b110011111 D
b100000110 <
b100000101 >
b110000111 2
b110000111 ?
b110000111 @
1$
#10305000
b10110 0
b10110 7
b10110 J
b110011100 F
b100010111 I
b100010110 K
b110011101 /
b110011101 C
b110011101 L
b110000111 A
1'
#10310000
b10110 +
b10001000111110 (
b10001000111110 -
b10001000111110 6
b11111011100000010000111001011 ,
0'
#10314000
0$
#10315000
b10111 0
b10111 7
b10111 J
b110010100 F
b110000111 .
b110000111 B
b110000111 G
b100011000 I
b100010111 K
b110011100 /
b110011100 C
b110011100 L
1'
#10320000
b10111 +
b110000000000000 (
b110000000000000 -
b110000000000000 6
b10011010101111010010000 ,
0'
#10325000
b11000 0
b11000 7
b11000 J
b110010101 F
b100011001 I
b100011000 K
b110010100 /
b110010100 C
b110010100 L
1'
#10327500
b1100110011101001 #
b1100110011101001 3
b1100110011101001 5
b110 4
b110 8
b110 =
b110000100 9
b100000111 <
b100000110 >
b110000101 2
b110000101 ?
b110000101 @
b110011111 1
b110011111 :
b110011111 E
b110010100 D
1$
#10330000
b11000 +
b101100010100 (
b101100010100 -
b101100010100 6
b10001010010100100000100101010001 ,
0'
#10335000
b11001 0
b11001 7
b11001 J
b110010111 F
b110000101 A
b100011010 I
b100011001 K
b110010101 /
b110010101 C
b110010101 L
1'
#10340000
b11001 +
b1001010111101110 (
b1001010111101110 -
b1001010111101110 6
b11110111011110111001001011011110 ,
0'
#10341000
0$
#10345000
b11010 0
b11010 7
b11010 J
b110010110 F
b100011011 I
b100011010 K
b110010111 /
b110010111 C
b110010111 L
b110000101 .
b110000101 B
b110000101 G
1'
#10350000
b11010 +
b1110001000001110 (
b1110001000001110 -
b1110001000001110 6
b111010001111110000111000111 ,
0'
#10354500
b111100110000010 #
b111100110000010 3
b111100110000010 5
b111 4
b111 8
b111 =
b110001100 9
b110010100 1
b110010100 :
b110010100 E
b110010111 D
b100001000 <
b100000111 >
b110000100 2
b110000100 ?
b110000100 @
1$
#10355000
b11011 0
b11011 7
b11011 J
b110010010 F
b110000100 A
b100011100 I
b100011011 K
b110010110 /
b110010110 C
b110010110 L
1'
#10360000
b11011 +
b1110100010111001 (
b1110100010111001 -
b1110100010111001 6
b1011100110011011110011101011100 ,
0'
#10365000
b11100 0
b11100 7
b11100 J
b110010011 F
b100011101 I
b100011100 K
b110010010 /
b110010010 C
b110010010 L
b110000100 .
b110000100 B
b110000100 G
1'
#10368000
0$
#10370000
b11100 +
b1111001101011001 (
b1111001101011001 -
b1111001101011001 6
b10101100111111011111000010101101 ,
0'
#10375000
b11101 0
b11101 7
b11101 J
b110010001 F
b100011110 I
b100011101 K
b110010011 /
b110010011 C
b110010011 L
1'
#10380000
b11101 +
b1000010010111010 (
b1000010010111010 -
b1000010010111010 6
b1011101001111111000001110001010 ,
0'
#10381500
b1001001101001101 #
b1001001101001101 3
b1001001101001101 5
b1000 4
b1000 8
b1000 =
b110001101 9
b100001001 <
b100001000 >
b110001100 2
b110001100 ?
b110001100 @
b110010111 1
b110010111 :
b110010111 E
b110010011 D
1$
#10385000
b11110 0
b11110 7
b11110 J
b110010000 F
b100011111 I
b100011110 K
b110010001 /
b110010001 C
b110010001 L
b110001100 A
1'
#10390000
b11110 +
b101100011010010 (
b101100011010010 -
b101100011010010 6
b1101001000101000101011110000011 ,
0'
#10395000
b11111 0
b11111 7
b11111 J
b110110000 F
b110001100 .
b110001100 B
b110001100 G
b100100000 I
b100011111 K
b110010000 /
b110010000 C
b110010000 L
1'
0$
#10400000
b11111 +
b1011110100001010 (
b1011110100001010 -
b1011110100001010 6
b10000101001111101011101011101000 ,
0'
#10405000
b100000 0
b100000 7
b100000 J
b110110001 F
b100100001 I
b100100000 K
b110110000 /
b110110000 C
b110110000 L
1'
#10408500
b101100011010011 #
b101100011010011 3
b101100011010011 5
b1001 4
b1001 8
b1001 =
b110001111 9
b110010011 1
b110010011 :
b110010011 E
b110110000 D
b100001010 <
b100001001 >
b110001101 2
b110001101 ?
b110001101 @
1$
#10410000
b100000 +
b111010100111011 (
b111010100111011 -
b111010100111011 6
b10011101101000010111001111001001 ,
0'
#10415000
b100001 0
b100001 7
b100001 J
b110110011 F
b110001101 A
b100100010 I
b100100001 K
b110110001 /
b110110001 C
b110110001 L
1'
#10420000
b100001 +
b1110111111000001 (
b1110111111000001 -
b1110111111000001 6
b11100000111100111110110011110110 ,
0'
#10422000
0$
#10425000
b100010 0
b100010 7
b100010 J
b110110010 F
b100100011 I
b100100010 K
b110110011 /
b110110011 C
b110110011 L
b110001101 .
b110001101 B
b110001101 G
1'
#10430000
b100010 +
b100000011100110 (
b100000011100110 -
b100000011100110 6
b1110011010100110011111011111111 ,
0'
#10435000
b100011 0
b100011 7
b100011 J
b110110110 F
b100100100 I
b100100011 K
b110110010 /
b110110010 C
b110110010 L
1'
#10435500
b111101111101 #
b111101111101 3
b111101111101 5
b1010 4
b1010 8
b1010 =
b110001110 9
b100001011 <
b100001010 >
b110001111 2
b110001111 ?
b110001111 @
b110110000 1
b110110000 :
b110110000 E
b110110010 D
1$
#10440000
b100011 +
b110011110100101 (
b110011110100101 -
b110011110100101 6
b11010010110110110110010100110100 ,
0'
#10445000
b100100 0
b100100 7
b100100 J
b110110111 F
b100100101 I
b100100100 K
b110110110 /
b110110110 C
b110110110 L
b110001111 A
1'
#10449000
0$
#10450000
b100100 +
b1011000011000110 (
b1011000011000110 -
b1011000011000110 6
b1100011000001111010111010100101 ,
0'
#10455000
b100101 0
b100101 7
b100101 J
b110110101 F
b110001111 .
b110001111 B
b110001111 G
b100100110 I
b100100101 K
b110110111 /
b110110111 C
b110110111 L
1'
#10460000
b100101 +
b11110010111111 (
b11110010111111 -
b11110010111111 6
b1011111101010100011101100100010 ,
0'
#10462500
b100111001110011 #
b100111001110011 3
b100111001110011 5
b1011 4
b1011 8
b1011 =
b110001010 9
b110110010 1
b110110010 :
b110110010 E
b110110111 D
b100001100 <
b100001011 >
b110001110 2
b110001110 ?
b110001110 @
1$
#10465000
b100110 0
b100110 7
b100110 J
b110110100 F
b100100111 I
b100100110 K
b110110101 /
b110110101 C
b110110101 L
b110001110 A
1'
#10470000
b100110 +
b1011011110110 (
b1011011110110 -
b1011011110110 6
b1111011011101000001010000111011 ,
0'
#10475000
b100111 0
b100111 7
b100111 J
b110111100 F
b110001110 .
b110001110 B
b110001110 G
b100101000 I
b100100111 K
b110110100 /
b110110100 C
b110110100 L
1'
#10476000
0$
#10480000
b100111 +
b11010110101010 (
b11010110101010 -
b11010110101010 6
b11010101001101100011001001000000 ,
0'
#10485000
b101000 0
b101000 7
b101000 J
b110111101 F
b100101001 I
b100101000 K
b110111100 /
b110111100 C
b110111100 L
1'
#10489500
b10001000011110 #
b10001000011110 3
b10001000011110 5
b1100 4
b1100 8
b1100 =
b110001011 9
b100001101 <
b100001100 >
b110001010 2
b110001010 ?
b110001010 @
b110110111 1
b110110111 :
b110110111 E
b110111100 D
1$
#10490000
b101000 +
b111111101011110 (
b111111101011110 -
b111111101011110 6
b10101111001100110111110101000001 ,
0'
#10495000
b101001 0
b101001 7
b101001 J
b110111111 F
b110001010 A
b100101010 I
b100101001 K
b110111101 /
b110111101 C
b110111101 L
1'
#10500000
b101001 +
b1001110011001101 (
b1001110011001101 -
b1001110011001101 6
b1100110110110001001101000001110 ,
0'
#10503000
0$
#10505000
b101010 0
b101010 7
b101010 J
b110111110 F
b100101011 I
b100101010 K
b110111111 /
b110111111 C
b110111111 L
b110001010 .
b110001010 B
b110001010 G
1'
#10510000
b101010 +
b1010111101010 (
b1010111101010 -
b1010111101010 6
b11110101010101000001001100110111 ,
0'
#10515000
b101011 0
b101011 7
b101011 J
b110111010 F
b100101100 I
b100101011 K
b110111110 /
b110111110 C
b110111110 L
1'
#10516500
b1001111100110000 #
b1001111100110000 3
b1001111100110000 5
b1101 4
b1101 8
b1101 =
b110001001 9
b110111100 1
b110111100 :
b110111100 E
b110111110 D
b100001110 <
b100001101 >
b110001011 2
b110001011 ?
b110001011 @
1$
#10520000
b101011 +
b11000110011001 (
b11000110011001 -
b11000110011001 6
b11001100100001000010111000001100 ,
0'
#10525000
b101100 0
b101100 7
b101100 J
b110111011 F
b100101101 I
b100101100 K
b110111010 /
b110111010 C
b110111010 L
b110001011 A
1'
#10530000
b101100 +
b111110101010100 (
b111110101010100 -
b111110101010100 6
b10101010001110110111101110011101 ,
0'
0$
#10535000
b101101 0
b101101 7
b101101 J
b110111001 F
b110001011 .
b110001011 B
b110001011 G
b100101110 I
b100101101 K
b110111011 /
b110111011 C
b110111011 L
1'
#10540000
b101101 +
b1111011110100101 (
b1111011110100101 -
b1111011110100101 6
b11010010100001011111010110111010 ,
0'
#10543500
b1001010010110011 #
b1001010010110011 3
b1001010010110011 5
b1110 4
b1110 8
b1110 =
b110001000 9
b100001111 <
b100001110 >
b110001001 2
b110001001 ?
b110001001 @
b110111110 1
b110111110 :
b110111110 E
b110111011 D
1$
#10545000
b101110 0
b101110 7
b101110 J
b110111000 F
b100101111 I
b100101110 K
b110111001 /
b110111001 C
b110111001 L
b110001001 A
1'
#10550000
b101110 +
b11100010110000 (
b11100010110000 -
b11100010110000 6
b1011000011110100011011111110011 ,
0'
#10555000
b101111 0
b101111 7
b101111 J
b110101000 F
b110001001 .
b110001001 B
b110001001 G
b100110000 I
b100101111 K
b110111000 /
b110111000 C
b110111000 L
1'
#10557000
0$
#10560000
b101111 +
b10011010001101 (
b10011010001101 -
b10011010001101 6
b1000110101010010010010010011000 ,
0'
#10565000
b110000 0
b110000 7
b110000 J
b110101001 F
b100110001 I
b100110000 K
b110101000 /
b110101000 C
b110101000 L
1'
#10570000
b110000 +
b11010100001 (
b11010100001 -
b11010100001 6
b1010000111001100000010110111001 ,
0'
#10570500
b1011111110010110 #
b1011111110010110 3
b1011111110010110 5
b1111 4
b1111 8
b1111 =
b110011000 9
b110111011 1
b110111011 :
b110111011 E
b110101000 D
b100010000 <
b100001111 >
b110001000 2
b110001000 ?
b110001000 @
1$
#10575000
b110001 0
b110001 7
b110001 J
b110101011 F
b110001000 A
b100110010 I
b100110001 K
b110101001 /
b110101001 C
b110101001 L
1'
#10580000
b110001 +
b1111110011111000 (
b1111110011111000 -
b1111110011111000 6
b1111100001101011111101000100110 ,
0'
#10584000
0$
#10585000
b110010 0
b110010 7
b110010 J
b110101010 F
b100110011 I
b100110010 K
b110101011 /
b110101011 C
b110101011 L
b110001000 .
b110001000 B
b110001000 G
1'
#10590000
b110010 +
b100000001011110 (
b100000001011110 -
b100000001011110 6
b101111000100110011111001101111 ,
0'
#10595000
b110011 0
b110011 7
b110011 J
b110101110 F
b100110100 I
b100110011 K
b110101010 /
b110101010 C
b110101010 L
1'
#10597500
b101111000101001 #
b101111000101001 3
b101111000101001 5
b10000 4
b10000 8
b10000 =
b110011001 9
b100010001 <
b100010000 >
b110011000 2
b110011000 ?
b110011000 @
b110101000 1
b110101000 :
b110101000 E
b110101010 D
1$
#10600000
b110101010 F
b100110011 I
0)
0'
#10605000
b110011000 A
1'
#10610000
0'
#10611000
b110011000 9
b100010000 <
0%
0$
#10615000
b110011000 .
b110011000 B
b110011000 G
1'
#10620000
0'
#10624500
b110101010 1
b110101010 :
b110101010 E
1$
#10625000
1'
#10630000
0'
#10635000
1'
#10638000
0$
#10640000
0'
#10645000
1'
#10650000
0'
#10651500
1$
#10655000
1'
#10660000
0'
#10665000
1'
0$
#10670000
0'
#10675000
1'
#10678500
1$
#10680000
0'
#10685000
1'
#10690000
0'
#10692000
0$
#10695000
1'
#10700000
0'
#10705000
1'
#10705500
1$
#10710000
0'
#10715000
1'
#10719000
0$
#10720000
0'
#10725000
1'
#10730000
0'
#10732500
1$
#10735000
1'
#10740000
0'
#10745000
1'
#10746000
0$
#10750000
0'
#10755000
1'
#10759500
1$
#10760000
0'
#10765000
1'
#10770000
0'
#10773000
0$
#10775000
1'
#10780000
0'
#10785000
1'
#10786500
1$
#10790000
0'
#10795000
1'
#10800000
0'
0$
#10805000
1'
#10810000
0'
#10811000
